{
	"format_version": "1.21.11",
	"credit": "Made with Blockbench",
	"texture_size": [128, 128],
	"textures": {
		"0": "item/wizard",
		"particle": "item/wizard"
	},
	"elements": [
		{
			"from": [-2, 0, -4],
			"to": [18, 0, 22],
			"rotation": {"angle": 0, "axis": "y", "origin": [7, 0, 8]},
			"faces": {
				"north": {"uv": [0, 0, 2.5, 0], "texture": "#0"},
				"east": {"uv": [0, 0, 3.25, 0], "texture": "#0"},
				"south": {"uv": [0, 0, 2.5, 0], "texture": "#0"},
				"west": {"uv": [0, 0, 3.25, 0], "texture": "#0"},
				"up": {"uv": [2.5, 3.25, 0, 0], "texture": "#0"},
				"down": {"uv": [2.5, 0, 0, 3.25], "texture": "#0"}
			}
		},
		{
			"from": [-5, 0, -4],
			"to": [-2, 0, 22],
			"rotation": {"angle": 17.5, "axis": "z", "origin": [-2, 0, 8]},
			"faces": {
				"north": {"uv": [0, 0, 0.375, 0], "texture": "#0"},
				"east": {"uv": [0, 0, 3.25, 0], "texture": "#0"},
				"south": {"uv": [0, 0, 0.375, 0], "texture": "#0"},
				"west": {"uv": [0, 0, 3.25, 0], "texture": "#0"},
				"up": {"uv": [5.375, 4.125, 5, 0.875], "texture": "#0"},
				"down": {"uv": [5.375, 0.875, 5, 4.125], "texture": "#0"}
			}
		},
		{
			"from": [18, 0, -4],
			"to": [21, 0, 22],
			"rotation": {"angle": -17.5, "axis": "z", "origin": [18, 0, 8]},
			"faces": {
				"north": {"uv": [0, 0, 0.375, 0], "texture": "#0"},
				"east": {"uv": [0, 0, 3.25, 0], "texture": "#0"},
				"south": {"uv": [0, 0, 0.375, 0], "texture": "#0"},
				"west": {"uv": [0, 0, 3.25, 0], "texture": "#0"},
				"up": {"uv": [2.25, 8.25, 1.875, 5], "texture": "#0"},
				"down": {"uv": [2.25, 5, 1.875, 8.25], "texture": "#0"}
			}
		},
		{
			"from": [1, 0, 2],
			"to": [15, 5, 16],
			"rotation": {"angle": 0, "axis": "y", "origin": [7, 0, 8]},
			"faces": {
				"north": {"uv": [5, 4.125, 6.75, 4.75], "texture": "#0"},
				"east": {"uv": [5, 4.75, 6.75, 5.375], "texture": "#0"},
				"south": {"uv": [5.375, 0.875, 7.125, 1.5], "texture": "#0"},
				"west": {"uv": [5.375, 1.5, 7.125, 2.125], "texture": "#0"},
				"up": {"uv": [1.75, 5, 0, 3.25], "texture": "#0"},
				"down": {"uv": [3.5, 3.25, 1.75, 5], "texture": "#0"}
			}
		},
		{
			"from": [2, 2.36031, 4.63565],
			"to": [14, 9.36031, 14.88565],
			"rotation": {"x": 17.5, "y": 0, "z": -5, "origin": [8, 8.36936, 10.14588]},
			"faces": {
				"north": {"uv": [0, 5, 1.5, 5.875], "texture": "#0"},
				"east": {"uv": [5.375, 2.125, 6.625, 3], "texture": "#0"},
				"south": {"uv": [5, 0, 6.5, 0.875], "texture": "#0"},
				"west": {"uv": [5.375, 3, 6.625, 3.875], "texture": "#0"},
				"up": {"uv": [5, 4.5, 3.5, 3.25], "texture": "#0"},
				"down": {"uv": [5, 4.5, 3.5, 5.75], "texture": "#0"}
			}
		},
		{
			"from": [4, 6.7728, 5.82903],
			"to": [12, 14.7728, 12.82903],
			"rotation": {"x": 44.89078, "y": 3.53329, "z": -8.54002, "origin": [8, 8.36936, 10.14588]},
			"faces": {
				"north": {"uv": [5, 5.375, 6, 6.375], "texture": "#0"},
				"east": {"uv": [3.625, 5.75, 4.5, 6.75], "texture": "#0"},
				"south": {"uv": [2.625, 5.75, 3.625, 6.75], "texture": "#0"},
				"west": {"uv": [0, 5.875, 0.875, 6.875], "texture": "#0"},
				"up": {"uv": [7, 6.25, 6, 5.375], "texture": "#0"},
				"down": {"uv": [7, 6.25, 6, 7.125], "texture": "#0"}
			}
		},
		{
			"from": [6.5, 11.0228, 10.57903],
			"to": [11, 19.0228, 14.07903],
			"rotation": {"x": 89.88893, "y": 11.03327, "z": -8.55455, "origin": [8.75, 12.61936, 13.14588]},
			"faces": {
				"north": {"uv": [0.875, 5.875, 1.5, 6.875], "texture": "#0"},
				"east": {"uv": [5.125, 6.375, 5.625, 7.375], "texture": "#0"},
				"south": {"uv": [4.5, 6.375, 5.125, 7.375], "texture": "#0"},
				"west": {"uv": [6.625, 2.125, 7.125, 3.125], "texture": "#0"},
				"up": {"uv": [3.25, 5.5, 2.625, 5], "texture": "#0"},
				"down": {"uv": [7.125, 0, 6.5, 0.5], "texture": "#0"}
			}
		}
	],
	"display": {
		"thirdperson_righthand": {
			"rotation": [-16.8, -4.24, -34.26],
			"translation": [0, 0, -2.75],
			"scale": [0.5, 0.5, 0.5]
		},
		"thirdperson_lefthand": {
			"rotation": [-16.8, -4.24, -34.26],
			"translation": [0, 0, -2.75],
			"scale": [0.5, 0.5, 0.5]
		},
		"firstperson_righthand": {
			"translation": [0, 3.5, 0],
			"scale": [0.5, 0.5, 0.5]
		},
		"firstperson_lefthand": {
			"translation": [0, 3.5, 0],
			"scale": [0.5, 0.5, 0.5]
		},
		"ground": {
			"translation": [0, 4.5, 0]
		},
		"gui": {
			"rotation": [37.86, 44.5, -15.76],
			"translation": [0.5, 1, 0],
			"scale": [0.5, 0.5, 0.5]
		},
		"head": {
			"rotation": [3, 1.27, 0.46],
			"translation": [0, 11, -1]
		},
		"fixed": {
			"rotation": [-80.39, -8.38, 1.41],
			"translation": [0, 0, -10.5]
		},
		"on_shelf": {
			"rotation": [-106.25, 0, -180],
			"translation": [0, 0, 8]
		}
	}
}