{
	"format_version": "1.21.11",
	"credit": "Made with Blockbench",
	"texture_size": [32, 32],
	"textures": {
		"0": "item/armor_stands",
		"particle": "item/armor_stands"
	},
	"elements": [
		{
			"from": [7, 1, 1],
			"to": [9, 9, 14],
			"rotation": {"angle": 0, "axis": "y", "origin": [7, 1, 6]},
			"faces": {
				"north": {"uv": [7, 8, 8, 12], "texture": "#0"},
				"east": {"uv": [7, 0, 13.5, 4], "texture": "#0"},
				"south": {"uv": [8, 8, 9, 12], "texture": "#0"},
				"west": {"uv": [7, 4, 13.5, 8], "texture": "#0"},
				"up": {"uv": [6, 14.5, 5, 8], "texture": "#0"},
				"down": {"uv": [7, 8, 6, 14.5], "texture": "#0"}
			}
		},
		{
			"from": [6.9, 9, 0.75],
			"to": [9.1, 9.35, 14.25],
			"rotation": {"angle": 0, "axis": "y", "origin": [7, 1, 6]},
			"faces": {
				"north": {"uv": [10, 9, 11, 9.5], "texture": "#0"},
				"east": {"uv": [9, 8, 16, 8.5], "texture": "#0"},
				"south": {"uv": [10, 9.5, 11, 10], "texture": "#0"},
				"west": {"uv": [9, 8.5, 16, 9], "texture": "#0"},
				"up": {"uv": [4, 15, 3, 8], "texture": "#0"},
				"down": {"uv": [5, 8, 4, 15], "texture": "#0"}
			}
		},
		{
			"from": [6.8, 9, 11.75],
			"to": [9.2, 9.45, 13.25],
			"rotation": {"angle": 0, "axis": "y", "origin": [7, 1, 6]},
			"faces": {
				"north": {"uv": [10, 10, 11, 10.5], "texture": "#0"},
				"east": {"uv": [10, 10.5, 11, 11], "texture": "#0"},
				"south": {"uv": [9, 11, 10, 11.5], "texture": "#0"},
				"west": {"uv": [11, 9, 12, 9.5], "texture": "#0"},
				"up": {"uv": [10, 10, 9, 9], "texture": "#0"},
				"down": {"uv": [10, 10, 9, 11], "texture": "#0"}
			}
		},
		{
			"from": [6.8, 9, 1.75],
			"to": [9.2, 9.45, 3.25],
			"rotation": {"angle": 0, "axis": "y", "origin": [7, 1, 9]},
			"faces": {
				"north": {"uv": [10, 11, 9, 11.5], "texture": "#0"},
				"east": {"uv": [11, 10.5, 10, 11], "texture": "#0"},
				"south": {"uv": [11, 10, 10, 10.5], "texture": "#0"},
				"west": {"uv": [12, 9, 11, 9.5], "texture": "#0"},
				"up": {"uv": [10, 9, 9, 10], "texture": "#0"},
				"down": {"uv": [10, 11, 9, 10], "texture": "#0"}
			}
		},
		{
			"from": [9.2, -1.25, 11.25],
			"to": [9.2, 9.2, 13.75],
			"rotation": {"angle": 0.5, "axis": "z", "origin": [7, 0.75, 6.5]},
			"faces": {
				"north": {"uv": [0, 0, 0, 5], "texture": "#0"},
				"east": {"uv": [0, 8, 1.5, 13], "texture": "#0"},
				"south": {"uv": [0, 0, 0, 5], "texture": "#0"},
				"west": {"uv": [1.5, 8, 0, 13], "texture": "#0"},
				"up": {"uv": [0, 1.5, 0, 0], "texture": "#0"},
				"down": {"uv": [0, 0, 0, 1.5], "texture": "#0"}
			}
		},
		{
			"from": [6.8, -1.25, 11.25],
			"to": [6.8, 9.2, 13.75],
			"rotation": {"angle": -0.5, "axis": "z", "origin": [9, 0.75, 6.5]},
			"faces": {
				"north": {"uv": [0, 0, 0, 5], "texture": "#0"},
				"east": {"uv": [0, 8, 1.5, 13], "texture": "#0"},
				"south": {"uv": [0, 0, 0, 5], "texture": "#0"},
				"west": {"uv": [1.5, 8, 0, 13], "texture": "#0"},
				"up": {"uv": [0, 1.5, 0, 0], "texture": "#0"},
				"down": {"uv": [0, 0, 0, 1.5], "texture": "#0"}
			}
		},
		{
			"from": [6.8, -1.25, 1.25],
			"to": [6.8, 9.2, 3.75],
			"rotation": {"angle": -0.5, "axis": "z", "origin": [9, 0.75, 8.5]},
			"faces": {
				"north": {"uv": [0, 0, 0, 5], "texture": "#0"},
				"east": {"uv": [1.5, 8, 0, 13], "texture": "#0"},
				"south": {"uv": [0, 0, 0, 5], "texture": "#0"},
				"west": {"uv": [0, 8, 1.5, 13], "texture": "#0"},
				"up": {"uv": [0, 0, 0, 1.5], "texture": "#0"},
				"down": {"uv": [0, 1.5, 0, 0], "texture": "#0"}
			}
		},
		{
			"from": [9.2, -1.25, 1.25],
			"to": [9.2, 9.2, 3.75],
			"rotation": {"angle": 0.5, "axis": "z", "origin": [7, 0.75, 8.5]},
			"faces": {
				"north": {"uv": [0, 0, 0, 5], "texture": "#0"},
				"east": {"uv": [1.5, 8, 0, 13], "texture": "#0"},
				"south": {"uv": [0, 0, 0, 5], "texture": "#0"},
				"west": {"uv": [0, 8, 1.5, 13], "texture": "#0"},
				"up": {"uv": [0, 0, 0, 1.5], "texture": "#0"},
				"down": {"uv": [0, 1.5, 0, 0], "texture": "#0"}
			}
		},
		{
			"from": [9.1, 0.75, 0.75],
			"to": [9.1, 9, 14.25],
			"rotation": {"angle": 0.5, "axis": "z", "origin": [7.1, 1, 6]},
			"faces": {
				"north": {"uv": [0, 0, 0, 4], "texture": "#0"},
				"east": {"uv": [0, 0, 7, 4], "texture": "#0"},
				"south": {"uv": [0, 0, 0, 4], "texture": "#0"},
				"west": {"uv": [7, 0, 0, 4], "texture": "#0"},
				"up": {"uv": [0, 7, 0, 0], "texture": "#0"},
				"down": {"uv": [0, 0, 0, 7], "texture": "#0"}
			}
		},
		{
			"from": [6.9, 0.75, 0.75],
			"to": [6.9, 9, 14.25],
			"rotation": {"angle": -0.5, "axis": "z", "origin": [8.9, 1, 6]},
			"faces": {
				"north": {"uv": [0, 0, 0, 4], "texture": "#0"},
				"east": {"uv": [0, 0, 7, 4], "texture": "#0"},
				"south": {"uv": [0, 0, 0, 4], "texture": "#0"},
				"west": {"uv": [7, 0, 0, 4], "texture": "#0"},
				"up": {"uv": [0, 7, 0, 0], "texture": "#0"},
				"down": {"uv": [0, 0, 0, 7], "texture": "#0"}
			}
		}
	],
	"display": {
		"thirdperson_righthand": {
			"rotation": [-98.67, -11.5, -170.42],
			"translation": [0, -1.5, 1.75],
			"scale": [0.7, 0.7, 0.7]
		},
		"thirdperson_lefthand": {
			"rotation": [-98.67, -11.5, -170.42],
			"translation": [0, -1.5, 1.75],
			"scale": [0.7, 0.7, 0.7]
		},
		"firstperson_righthand": {
			"rotation": [-117.85, 23.26, 18.87],
			"translation": [-1.75, 1.5, -1.25]
		},
		"firstperson_lefthand": {
			"rotation": [-117.85, 23.26, 18.87],
			"translation": [-1.75, 1.5, -1.25]
		},
		"ground": {
			"rotation": [0, 0, 90],
			"translation": [-4, -2.25, 0.25]
		},
		"gui": {
			"rotation": [-63.34, 0.13, -56.39],
			"translation": [2.25, 1, 0]
		},
		"head": {
			"rotation": [0, -26.75, -93.75],
			"translation": [2.5, 7.25, 2.25]
		},
		"fixed": {
			"rotation": [1, 90, 0],
			"translation": [1, 6, -2],
			"scale": [1.8, 1.8, 1.8]
		},
		"on_shelf": {
			"rotation": [-87.4, -5.13, -63.11],
			"translation": [6, 0, -4.25],
			"scale": [2, 2, 2]
		}
	}
}