{
	"format_version": "1.21.11",
	"credit": "Made with Blockbench",
	"texture_size": [128, 128],
	"textures": {
		"0": "item/cowboy",
		"particle": "item/cowboy"
	},
	"elements": [
		{
			"from": [1, 1, 1],
			"to": [15, 7, 15],
			"rotation": {"angle": 0, "axis": "y", "origin": [3, 0, 3]},
			"faces": {
				"north": {"uv": [7, 2.25, 8.75, 3], "texture": "#0"},
				"east": {"uv": [7, 3, 8.75, 3.75], "texture": "#0"},
				"south": {"uv": [7, 3.75, 8.75, 4.5], "texture": "#0"},
				"west": {"uv": [7.5, 4.5, 9.25, 5.25], "texture": "#0"},
				"up": {"uv": [1.75, 8.625, 0, 6.875], "texture": "#0"},
				"down": {"uv": [3.5, 6.875, 1.75, 8.625], "texture": "#0"}
			}
		},
		{
			"from": [0.5, -9, 0.75],
			"to": [15, -3, 15],
			"rotation": {"angle": -7.5, "axis": "z", "origin": [7.75, -6, 8]},
			"faces": {
				"north": {"uv": [6, 6.875, 7.875, 7.625], "texture": "#0"},
				"east": {"uv": [7.5, 5.25, 9.25, 6], "texture": "#0"},
				"south": {"uv": [7, 0, 8.875, 0.75], "texture": "#0"},
				"west": {"uv": [7.5, 6, 9.25, 6.75], "texture": "#0"},
				"up": {"uv": [1.875, 6.875, 0, 5.125], "texture": "#0"},
				"down": {"uv": [3.75, 5.125, 1.875, 6.875], "texture": "#0"}
			}
		},
		{
			"from": [0.84901, -15.13603, 7.69722],
			"to": [4.84901, -15.13603, 24.69722],
			"rotation": {"x": 74.77926, "y": -9.65594, "z": -4.88702, "origin": [2.84901, -15.13603, 16.19722]},
			"faces": {
				"north": {"uv": [0, 0, 0.5, 0], "texture": "#0"},
				"east": {"uv": [0, 0, 2.125, 0], "texture": "#0"},
				"south": {"uv": [0, 0, 0.5, 0], "texture": "#0"},
				"west": {"uv": [0, 0, 2.125, 0], "texture": "#0"},
				"up": {"uv": [6.5, 10.5, 6, 8.375], "texture": "#0"},
				"down": {"uv": [6.5, 8.375, 6, 10.5], "texture": "#0"}
			}
		},
		{
			"from": [0.75, -9, 1],
			"to": [15.5, -3, 15],
			"rotation": {"x": -3.17805, "y": -32.36121, "z": 5.92236, "origin": [8, -6, 8]},
			"faces": {
				"north": {"uv": [7, 0.75, 8.875, 1.5], "texture": "#0"},
				"east": {"uv": [6, 7.625, 7.75, 8.375], "texture": "#0"},
				"south": {"uv": [7, 1.5, 8.875, 2.25], "texture": "#0"},
				"west": {"uv": [7.75, 7.625, 9.5, 8.375], "texture": "#0"},
				"up": {"uv": [5.625, 6.875, 3.75, 5.125], "texture": "#0"},
				"down": {"uv": [7.5, 5.125, 5.625, 6.875], "texture": "#0"}
			}
		},
		{
			"from": [11, 1, -4.8],
			"to": [11, 7, 1.2],
			"rotation": {"angle": 20, "axis": "y", "origin": [11, 4, -1.8]},
			"faces": {
				"north": {"uv": [0, 0, 0, 0.75], "texture": "#0"},
				"east": {"uv": [8.25, 8.375, 9, 9.125], "texture": "#0"},
				"south": {"uv": [0, 0, 0, 0.75], "texture": "#0"},
				"west": {"uv": [9, 8.375, 8.25, 9.125], "texture": "#0"},
				"up": {"uv": [0, 0.75, 0, 0], "texture": "#0"},
				"down": {"uv": [0, 0, 0, 0.75], "texture": "#0"}
			}
		},
		{
			"from": [5, 1, -4.8],
			"to": [5, 7, 1.2],
			"rotation": {"angle": -20, "axis": "y", "origin": [5, 4, -1.8]},
			"faces": {
				"north": {"uv": [0, 0, 0, 0.75], "texture": "#0"},
				"east": {"uv": [8.25, 8.375, 9, 9.125], "texture": "#0"},
				"south": {"uv": [0, 0, 0, 0.75], "texture": "#0"},
				"west": {"uv": [9, 8.375, 8.25, 9.125], "texture": "#0"},
				"up": {"uv": [0, 0.75, 0, 0], "texture": "#0"},
				"down": {"uv": [0, 0, 0, 0.75], "texture": "#0"}
			}
		},
		{
			"from": [-6, 1, -15],
			"to": [22, 1, 26],
			"rotation": {"angle": 0, "axis": "y", "origin": [13, 0, 3]},
			"faces": {
				"north": {"uv": [0, 0, 3.5, 0], "texture": "#0"},
				"east": {"uv": [0, 0, 5.125, 0], "texture": "#0"},
				"south": {"uv": [0, 0, 3.5, 0], "texture": "#0"},
				"west": {"uv": [0, 0, 5.125, 0], "texture": "#0"},
				"up": {"uv": [3.5, 5.125, 0, 0], "texture": "#0"},
				"down": {"uv": [0, 0, 3.5, 5.125], "texture": "#0"}
			}
		},
		{
			"from": [10.26643, -9.31139, 3],
			"to": [14.26643, -9.31139, 30],
			"rotation": {"x": 77.68406, "y": 2.15393, "z": 9.76758, "origin": [12.26643, -15.31139, 9.31501]},
			"faces": {
				"north": {"uv": [0, 0, 0.5, 0], "texture": "#0"},
				"east": {"uv": [0, 0, 3.375, 0], "texture": "#0"},
				"south": {"uv": [0, 0, 0.5, 0], "texture": "#0"},
				"west": {"uv": [0, 0, 3.375, 0], "texture": "#0"},
				"up": {"uv": [5.5, 10.25, 5, 6.875], "texture": "#0"},
				"down": {"uv": [5.5, 6.875, 5, 10.25], "texture": "#0"}
			}
		},
		{
			"from": [-6.2, 4.79711, -15],
			"to": [-3.2, 4.79711, 26],
			"rotation": {"x": 0, "y": 0, "z": -122.5, "origin": [-4.7, 4.79711, 5.5]},
			"faces": {
				"north": {"uv": [0, 0, 0.375, 0], "texture": "#0"},
				"east": {"uv": [0, 0, 5.125, 0], "texture": "#0"},
				"south": {"uv": [0, 0, 0.375, 0], "texture": "#0"},
				"west": {"uv": [0, 0, 5.125, 0], "texture": "#0"},
				"up": {"uv": [3.875, 12, 3.5, 6.875], "texture": "#0"},
				"down": {"uv": [3.875, 6.875, 3.5, 12], "texture": "#0"}
			}
		},
		{
			"from": [-7, 1, -15],
			"to": [-4, 1, 26],
			"rotation": {"x": 0, "y": 0, "z": -60, "origin": [-4, 1, 5.5]},
			"faces": {
				"north": {"uv": [0, 0, 0.375, 0], "texture": "#0"},
				"east": {"uv": [0, 0, 5.125, 0], "texture": "#0"},
				"south": {"uv": [0, 0, 0.375, 0], "texture": "#0"},
				"west": {"uv": [0, 0, 5.125, 0], "texture": "#0"},
				"up": {"uv": [5, 12, 4.625, 6.875], "texture": "#0"},
				"down": {"uv": [5, 6.875, 4.625, 12], "texture": "#0"}
			}
		},
		{
			"from": [20, 1, -15],
			"to": [23, 1, 26],
			"rotation": {"x": 0, "y": 0, "z": 60, "origin": [20, 1, 5.5]},
			"faces": {
				"north": {"uv": [0.375, 0, 0, 0], "texture": "#0"},
				"east": {"uv": [5.125, 0, 0, 0], "texture": "#0"},
				"south": {"uv": [0.375, 0, 0, 0], "texture": "#0"},
				"west": {"uv": [5.125, 0, 0, 0], "texture": "#0"},
				"up": {"uv": [4.625, 12, 5, 6.875], "texture": "#0"},
				"down": {"uv": [4.625, 6.875, 5, 12], "texture": "#0"}
			}
		},
		{
			"from": [19.2, 4.79711, -15],
			"to": [22.2, 4.79711, 26],
			"rotation": {"x": 0, "y": 0, "z": 122.5, "origin": [20.7, 4.79711, 5.5]},
			"faces": {
				"north": {"uv": [0.375, 0, 0, 0], "texture": "#0"},
				"east": {"uv": [5.125, 0, 0, 0], "texture": "#0"},
				"south": {"uv": [0.375, 0, 0, 0], "texture": "#0"},
				"west": {"uv": [5.125, 0, 0, 0], "texture": "#0"},
				"up": {"uv": [3.5, 12, 3.875, 6.875], "texture": "#0"},
				"down": {"uv": [3.5, 6.875, 3.875, 12], "texture": "#0"}
			}
		}
	],
	"display": {
		"head": {
			"rotation": [-3.25, 5, 0],
			"translation": [0, 9, -0.25],
			"scale": [1.05, 1.05, 1.05]
		}
	}
}