{
	"format_version": "1.21.11",
	"credit": "Made with Blockbench",
	"texture_size": [64, 64],
	"textures": {
		"0": "item/creaky"
	},
	"elements": [
		{
			"name": "head",
			"from": [9, 14, 5],
			"to": [15, 24, 11],
			"rotation": {"angle": 0, "axis": "y", "origin": [8, -8, 8]},
			"faces": {
				"north": {"uv": [1.5, 1.5, 3, 4], "texture": "#0"},
				"east": {"uv": [0, 1.5, 1.5, 4], "texture": "#0"},
				"south": {"uv": [4.5, 1.5, 6, 4], "texture": "#0"},
				"west": {"uv": [3, 1.5, 4.5, 4], "texture": "#0"},
				"up": {"uv": [3, 1.5, 1.5, 0], "texture": "#0"},
				"down": {"uv": [4.5, 0, 3, 1.5], "texture": "#0"}
			}
		},
		{
			"name": "head",
			"from": [9, 24, 5],
			"to": [15, 27, 11],
			"rotation": {"angle": 0, "axis": "y", "origin": [8, -5, 8]},
			"faces": {
				"north": {"uv": [8.5, 9.25, 10, 10], "texture": "#0"},
				"east": {"uv": [7, 9.25, 8.5, 10], "texture": "#0"},
				"south": {"uv": [11.5, 9.25, 13, 10], "texture": "#0"},
				"west": {"uv": [10, 9.25, 11.5, 10], "texture": "#0"},
				"up": {"uv": [10, 9.25, 8.5, 7.75], "texture": "#0"},
				"down": {"uv": [11.5, 7.75, 10, 9.25], "texture": "#0"}
			}
		},
		{
			"name": "head",
			"from": [0, 13, 8],
			"to": [9, 27, 8],
			"rotation": {"angle": 0, "axis": "y", "origin": [8, -5, 8]},
			"faces": {
				"north": {"uv": [3, 10, 5.25, 13.5], "texture": "#0"},
				"east": {"uv": [3, 10, 3, 13.5], "texture": "#0"},
				"south": {"uv": [5.25, 10, 7.5, 13.5], "texture": "#0"},
				"west": {"uv": [5.25, 10, 5.25, 13.5], "texture": "#0"},
				"up": {"uv": [5.25, 10, 3, 10], "texture": "#0"},
				"down": {"uv": [7.5, 10, 5.25, 10], "texture": "#0"}
			}
		},
		{
			"name": "head",
			"from": [15, 14, 8],
			"to": [24, 28, 8],
			"rotation": {"angle": 0, "axis": "y", "origin": [8, -4, 8]},
			"faces": {
				"north": {"uv": [8.5, 3, 10.75, 6.5], "texture": "#0"},
				"east": {"uv": [8.5, 3, 8.5, 6.5], "texture": "#0"},
				"south": {"uv": [10.75, 3, 13, 6.5], "texture": "#0"},
				"west": {"uv": [10.75, 3, 10.75, 6.5], "texture": "#0"},
				"up": {"uv": [10.75, 3, 8.5, 3], "texture": "#0"},
				"down": {"uv": [13, 3, 10.75, 3], "texture": "#0"}
			}
		},
		{
			"name": "body",
			"from": [3, 0, 6],
			"to": [9, 13, 11],
			"rotation": {"angle": 0, "axis": "y", "origin": [8, -16, 8]},
			"faces": {
				"north": {"uv": [1.25, 5.25, 2.75, 8.5], "texture": "#0"},
				"east": {"uv": [0, 5.25, 1.25, 8.5], "texture": "#0"},
				"south": {"uv": [4, 5.25, 5.5, 8.5], "texture": "#0"},
				"west": {"uv": [2.75, 5.25, 4, 8.5], "texture": "#0"},
				"up": {"uv": [2.75, 5.25, 1.25, 4], "texture": "#0"},
				"down": {"uv": [4.25, 4, 2.75, 5.25], "texture": "#0"}
			}
		},
		{
			"name": "body",
			"from": [9, 7, 6],
			"to": [15, 14, 11],
			"rotation": {"angle": 0, "axis": "y", "origin": [8, -16, 8]},
			"faces": {
				"north": {"uv": [7.25, 1.25, 8.75, 3], "texture": "#0"},
				"east": {"uv": [6, 1.25, 7.25, 3], "texture": "#0"},
				"south": {"uv": [10, 1.25, 11.5, 3], "texture": "#0"},
				"west": {"uv": [8.75, 1.25, 10, 3], "texture": "#0"},
				"up": {"uv": [8.75, 1.25, 7.25, 0], "texture": "#0"},
				"down": {"uv": [10.25, 0, 8.75, 1.25], "texture": "#0"}
			}
		},
		{
			"name": "left_arm",
			"from": [0, -3, 7],
			"to": [3, 13, 10],
			"rotation": {"angle": 0, "axis": "y", "origin": [8, -16, 8]},
			"faces": {
				"north": {"uv": [8.25, 10.75, 9, 14.75], "texture": "#0"},
				"east": {"uv": [7.5, 10.75, 8.25, 14.75], "texture": "#0"},
				"south": {"uv": [9.75, 10.75, 10.5, 14.75], "texture": "#0"},
				"west": {"uv": [9, 10.75, 9.75, 14.75], "texture": "#0"},
				"up": {"uv": [9, 10.75, 8.25, 10], "texture": "#0"},
				"down": {"uv": [9.75, 10, 9, 10.75], "texture": "#0"}
			}
		},
		{
			"name": "left_arm",
			"from": [0, 13, 7],
			"to": [3, 17, 10],
			"rotation": {"angle": 0, "axis": "y", "origin": [8, -15, 8]},
			"faces": {
				"north": {"uv": [13.75, 3.75, 14.5, 4.75], "texture": "#0"},
				"east": {"uv": [13, 3.75, 13.75, 4.75], "texture": "#0"},
				"south": {"uv": [15.25, 3.75, 16, 4.75], "texture": "#0"},
				"west": {"uv": [14.5, 3.75, 15.25, 4.75], "texture": "#0"},
				"up": {"uv": [14.5, 3.75, 13.75, 3], "texture": "#0"},
				"down": {"uv": [15.25, 3, 14.5, 3.75], "texture": "#0"}
			}
		},
		{
			"name": "left_arm",
			"from": [0, -7, 7],
			"to": [3, -3, 10],
			"rotation": {"angle": 0, "axis": "y", "origin": [8, -16, 8]},
			"faces": {
				"north": {"uv": [13.75, 5.5, 14.5, 6.5], "texture": "#0"},
				"east": {"uv": [13, 5.5, 13.75, 6.5], "texture": "#0"},
				"south": {"uv": [15.25, 5.5, 16, 6.5], "texture": "#0"},
				"west": {"uv": [14.5, 5.5, 15.25, 6.5], "texture": "#0"},
				"up": {"uv": [14.5, 5.5, 13.75, 4.75], "texture": "#0"},
				"down": {"uv": [15.25, 4.75, 14.5, 5.5], "texture": "#0"}
			}
		},
		{
			"name": "right_arm",
			"from": [15, -6, 8],
			"to": [18, 15, 11],
			"rotation": {"angle": 0, "axis": "y", "origin": [8, -15, 8]},
			"faces": {
				"north": {"uv": [6.25, 4, 7, 9.25], "texture": "#0"},
				"east": {"uv": [5.5, 4, 6.25, 9.25], "texture": "#0"},
				"south": {"uv": [7.75, 4, 8.5, 9.25], "texture": "#0"},
				"west": {"uv": [7, 4, 7.75, 9.25], "texture": "#0"},
				"up": {"uv": [7, 4, 6.25, 3.25], "texture": "#0"},
				"down": {"uv": [7.75, 3.25, 7, 4], "texture": "#0"}
			}
		},
		{
			"name": "right_arm",
			"from": [15, -11, 8],
			"to": [18, -7, 11],
			"rotation": {"angle": 0, "axis": "y", "origin": [8, -16, 8]},
			"faces": {
				"north": {"uv": [12.25, 0.75, 13, 1.75], "texture": "#0"},
				"east": {"uv": [11.5, 0.75, 12.25, 1.75], "texture": "#0"},
				"south": {"uv": [13.75, 0.75, 14.5, 1.75], "texture": "#0"},
				"west": {"uv": [13, 0.75, 13.75, 1.75], "texture": "#0"},
				"up": {"uv": [13, 0.75, 12.25, 0], "texture": "#0"},
				"down": {"uv": [13.75, 0, 13, 0.75], "texture": "#0"}
			}
		},
		{
			"name": "left_leg",
			"from": [5, -16, 7],
			"to": [8, 0, 10],
			"rotation": {"angle": 0, "axis": "y", "origin": [8, -16, 8]},
			"faces": {
				"north": {"uv": [11.25, 10.75, 12, 14.75], "texture": "#0"},
				"east": {"uv": [10.5, 10.75, 11.25, 14.75], "texture": "#0"},
				"south": {"uv": [12.75, 10.75, 13.5, 14.75], "texture": "#0"},
				"west": {"uv": [12, 10.75, 12.75, 14.75], "texture": "#0"},
				"up": {"uv": [12, 10.75, 11.25, 10], "texture": "#0"},
				"down": {"uv": [12.75, 10, 12, 10.75], "texture": "#0"}
			}
		},
		{
			"name": "left_leg",
			"from": [3, -15.7, 4],
			"to": [8, -15.7, 13],
			"rotation": {"angle": 0, "axis": "y", "origin": [8, -16, 8]},
			"faces": {
				"north": {"uv": [13.5, 16, 14.75, 16], "texture": "#0"},
				"east": {"uv": [11.25, 16, 13.5, 16], "texture": "#0"},
				"south": {"uv": [17, 16, 18.25, 16], "texture": "#0"},
				"west": {"uv": [14.75, 16, 17, 16], "texture": "#0"},
				"up": {"uv": [14.75, 16, 13.5, 13.75], "texture": "#0"},
				"down": {"uv": [16, 13.75, 14.75, 16], "texture": "#0"}
			}
		},
		{
			"name": "right_leg",
			"from": [9, -16, 7],
			"to": [12, 3, 10],
			"rotation": {"angle": 0, "axis": "y", "origin": [8, -16, 8]},
			"faces": {
				"north": {"uv": [0.75, 9.25, 1.5, 14], "texture": "#0"},
				"east": {"uv": [0, 9.25, 0.75, 14], "texture": "#0"},
				"south": {"uv": [2.25, 9.25, 3, 14], "texture": "#0"},
				"west": {"uv": [1.5, 9.25, 2.25, 14], "texture": "#0"},
				"up": {"uv": [1.5, 9.25, 0.75, 8.5], "texture": "#0"},
				"down": {"uv": [2.25, 8.5, 1.5, 9.25], "texture": "#0"}
			}
		},
		{
			"name": "right_leg",
			"from": [9, -15.7, 4],
			"to": [14, -15.7, 13],
			"rotation": {"angle": 0, "axis": "y", "origin": [8, -16, 8]},
			"faces": {
				"north": {"uv": [13.5, 13.75, 14.75, 13.75], "texture": "#0"},
				"east": {"uv": [11.25, 13.75, 13.5, 13.75], "texture": "#0"},
				"south": {"uv": [17, 13.75, 18.25, 13.75], "texture": "#0"},
				"west": {"uv": [14.75, 13.75, 17, 13.75], "texture": "#0"},
				"up": {"uv": [14.75, 13.75, 13.5, 11.5], "texture": "#0"},
				"down": {"uv": [16, 11.5, 14.75, 13.75], "texture": "#0"}
			}
		},
		{
			"name": "right_leg",
			"from": [9, 3, 7],
			"to": [12, 6, 10],
			"rotation": {"angle": 0, "axis": "y", "origin": [8, -16, 8]},
			"faces": {
				"north": {"uv": [3.75, 9.25, 4.5, 10], "texture": "#0"},
				"east": {"uv": [3, 9.25, 3.75, 10], "texture": "#0"},
				"south": {"uv": [5.25, 9.25, 6, 10], "texture": "#0"},
				"west": {"uv": [4.5, 9.25, 5.25, 10], "texture": "#0"},
				"up": {"uv": [4.5, 9.25, 3.75, 8.5], "texture": "#0"},
				"down": {"uv": [5.25, 8.5, 4.5, 9.25], "texture": "#0"}
			}
		}
	],
	"display": {
		"firstperson_righthand": {
			"translation": [-9.75, 12, 0]
		},
		"firstperson_lefthand": {
			"translation": [-7.5, 12, 0]
		},
		"ground": {
			"translation": [0, 77.75, 0],
			"scale": [4, 4, 4]
		},
		"gui": {
			"rotation": [0, -180, 0],
			"translation": [0, -1.5, 0],
			"scale": [0.5, 0.5, 0.5]
		},
		"head": {
			"translation": [-28.5, 2.75, -2],
			"scale": [2, 2, 2]
		},
		"fixed": {
			"translation": [0, 8.5, -3.5],
			"scale": [2, 2, 2]
		},
		"on_shelf": {
			"rotation": [0, -180, 0],
			"translation": [0, 0, 9.25]
		}
	},
	"groups": [
		{
			"name": "head",
			"origin": [12, 30, 8],
			"color": 0,
			"children": [0, 1, 2, 3]
		},
		{
			"name": "body",
			"origin": [9, 26, 9],
			"color": 0,
			"children": [4, 5]
		},
		{
			"name": "left_arm",
			"origin": [3, 28, 8.5],
			"color": 0,
			"children": [6, 7, 8]
		},
		{
			"name": "right_arm",
			"origin": [16, 28.5, 9.5],
			"color": 0,
			"children": [9, 10]
		},
		{
			"name": "left_leg",
			"origin": [6.5, 16, 8.5],
			"color": 0,
			"children": [11, 12]
		},
		{
			"name": "right_leg",
			"origin": [9, 17.5, 8.5],
			"color": 0,
			"children": [13, 14, 15]
		}
	]
}