{
	"format_version": "1.21.6",
	"credit": "Made with Blockbench",
	"texture_size": [32, 32],
	"textures": {
		"0": "item/dagger",
		"particle": "item/dagger"
	},
	"elements": [
		{
			"from": [2.25, 7.25, 1],
			"to": [3.75, 9, 3],
			"rotation": {"angle": 32.5, "axis": "x", "origin": [3, 12.16484, 3.49625]},
			"faces": {
				"north": {"uv": [12.5, 5, 11.5, 4], "texture": "#0"},
				"east": {"uv": [12.5, 4, 11.5, 3], "texture": "#0"},
				"south": {"uv": [10, 12, 9, 11], "texture": "#0"},
				"west": {"uv": [12.5, 6, 11.5, 5], "texture": "#0"},
				"up": {"uv": [12.5, 7, 11.5, 8], "texture": "#0"},
				"down": {"uv": [12.5, 7, 11.5, 6], "texture": "#0"}
			}
		},
		{
			"from": [2.25, 9.75, 1.25],
			"to": [3.75, 16, 2.75],
			"rotation": {"angle": 32.5, "axis": "x", "origin": [3, 12.16484, 3.49625]},
			"faces": {
				"north": {"uv": [11, 9, 10, 6], "texture": "#0"},
				"east": {"uv": [11, 6, 10, 3], "texture": "#0"},
				"south": {"uv": [11, 3, 10, 0], "texture": "#0"},
				"west": {"uv": [11, 12, 10, 9], "texture": "#0"},
				"up": {"uv": [12.5, 9, 11.5, 10], "texture": "#0"},
				"down": {"uv": [12.5, 9, 11.5, 8], "texture": "#0"}
			}
		},
		{
			"from": [2.75, 15.75, 5],
			"to": [3.25, 27, 6.5],
			"rotation": {"angle": 32.5, "axis": "x", "origin": [3, 18.16484, 7.24625]},
			"faces": {
				"north": {"uv": [11.5, 11, 11, 5.5], "texture": "#0"},
				"east": {"uv": [10, 5.5, 9, 0], "texture": "#0"},
				"south": {"uv": [11.5, 5.5, 11, 0], "texture": "#0"},
				"west": {"uv": [10, 11, 9, 5.5], "texture": "#0"},
				"up": {"uv": [13.5, 9, 13, 10], "texture": "#0"},
				"down": {"uv": [9.5, 14, 9, 13], "texture": "#0"}
			}
		},
		{
			"from": [3, 2.75, 1.1],
			"to": [3, 31.75, 10.1],
			"rotation": {"angle": 32.5, "axis": "x", "origin": [3, 17.91484, 6.84625]},
			"faces": {
				"north": {"uv": [0, 14.5, 0, 0], "texture": "#0"},
				"east": {"uv": [9, 14.5, 4.5, 0], "texture": "#0"},
				"south": {"uv": [0, 14.5, 0, 0], "texture": "#0"},
				"west": {"uv": [9, 14.5, 4.5, 0], "texture": "#0"},
				"up": {"uv": [0, 0, 0, 4.5], "texture": "#0"},
				"down": {"uv": [0, 4.5, 0, 0], "texture": "#0"}
			}
		},
		{
			"from": [-2, 16.75, 1.1],
			"to": [8, 16.75, 10.1],
			"rotation": {"angle": 32.5, "axis": "x", "origin": [3, 17.91484, 6.84625]},
			"faces": {
				"north": {"uv": [0, 14.5, 0, 0], "texture": "#0"},
				"east": {"uv": [9, 14.5, 4.5, 0], "texture": "#0"},
				"south": {"uv": [0, 14.5, 0, 0], "texture": "#0"},
				"west": {"uv": [9, 14.5, 4.5, 0], "texture": "#0"},
				"up": {"uv": [0, 0, 5, 4.5], "texture": "#0"},
				"down": {"uv": [0, 4.5, 5, 0], "texture": "#0"}
			}
		},
		{
			"from": [2.35, 8.75, 1.35],
			"to": [3.65, 9.75, 2.65],
			"rotation": {"angle": 32.5, "axis": "x", "origin": [3, 12.16484, 3.49625]},
			"faces": {
				"north": {"uv": [12, 13.5, 11.5, 13], "texture": "#0"},
				"east": {"uv": [13.5, 11.5, 13, 11], "texture": "#0"},
				"south": {"uv": [11.5, 13.5, 11, 13], "texture": "#0"},
				"west": {"uv": [12.5, 13.5, 12, 13], "texture": "#0"},
				"up": {"uv": [13, 13, 12.5, 13.5], "texture": "#0"},
				"down": {"uv": [13.5, 12.5, 13, 12], "texture": "#0"}
			}
		},
		{
			"from": [2.1, 14.94476, 4.14006],
			"to": [3.9, 16.94476, 6.14006],
			"rotation": {"angle": -12.5, "axis": "x", "origin": [3, 12.16484, 3.49625]},
			"faces": {
				"north": {"uv": [11, 13, 10, 12], "texture": "#0"},
				"east": {"uv": [10, 13, 9, 12], "texture": "#0"},
				"south": {"uv": [12.5, 11, 11.5, 10], "texture": "#0"},
				"west": {"uv": [12, 13, 11, 12], "texture": "#0"},
				"up": {"uv": [13.5, 3, 12.5, 4], "texture": "#0"},
				"down": {"uv": [13, 13, 12, 12], "texture": "#0"}
			}
		},
		{
			"from": [2.6, 15.21304, 1.86438],
			"to": [3.4, 16.71304, 5.11438],
			"rotation": {"angle": 40, "axis": "x", "origin": [3, 12.16484, 3.49625]},
			"faces": {
				"north": {"uv": [10.5, 14, 10, 13], "texture": "#0"},
				"east": {"uv": [12.5, 12, 11, 11], "texture": "#0"},
				"south": {"uv": [10, 14, 9.5, 13], "texture": "#0"},
				"west": {"uv": [13, 1, 11.5, 0], "texture": "#0"},
				"up": {"uv": [13, 5.5, 12.5, 7], "texture": "#0"},
				"down": {"uv": [13, 5.5, 12.5, 4], "texture": "#0"}
			}
		},
		{
			"from": [2.7, 14.0635, 5.7516],
			"to": [3.3, 17.0635, 6.5516],
			"rotation": {"angle": 15, "axis": "x", "origin": [3, 12.16484, 3.49625]},
			"faces": {
				"north": {"uv": [13, 11.5, 12.5, 10], "texture": "#0"},
				"east": {"uv": [13, 10, 12.5, 8.5], "texture": "#0"},
				"south": {"uv": [13, 8.5, 12.5, 7], "texture": "#0"},
				"west": {"uv": [13.5, 1.5, 13, 0], "texture": "#0"},
				"up": {"uv": [13.5, 13, 13, 13.5], "texture": "#0"},
				"down": {"uv": [13.5, 13, 13, 12.5], "texture": "#0"}
			}
		},
		{
			"from": [2.6, 16.46753, 0.67695],
			"to": [3.4, 17.96753, 3.92695],
			"rotation": {"angle": 20, "axis": "x", "origin": [3, 17.41964, 1.81341]},
			"faces": {
				"north": {"uv": [11, 14, 10.5, 13], "texture": "#0"},
				"east": {"uv": [13, 2, 11.5, 1], "texture": "#0"},
				"south": {"uv": [13.5, 11, 13, 10], "texture": "#0"},
				"west": {"uv": [13, 3, 11.5, 2], "texture": "#0"},
				"up": {"uv": [13.5, 4, 13, 5.5], "texture": "#0"},
				"down": {"uv": [13.5, 3, 13, 1.5], "texture": "#0"}
			}
		},
		{
			"from": [2.7, 17.54783, 0.29011],
			"to": [3.3, 18.34783, 3.29011],
			"rotation": {"angle": -45, "axis": "x", "origin": [3, 17.41964, 1.81341]},
			"faces": {
				"north": {"uv": [14, 1, 13.5, 0.5], "texture": "#0"},
				"east": {"uv": [14, 12, 12.5, 11.5], "texture": "#0"},
				"south": {"uv": [14, 0.5, 13.5, 0], "texture": "#0"},
				"west": {"uv": [14.5, 6, 13, 5.5], "texture": "#0"},
				"up": {"uv": [13.5, 7.5, 13, 9], "texture": "#0"},
				"down": {"uv": [13.5, 7.5, 13, 6], "texture": "#0"}
			}
		}
	],
	"display": {
		"thirdperson_righthand": {
			"rotation": [140.71, 14.22, -6.01],
			"translation": [5.5, -0.75, -5.5]
		},
		"thirdperson_lefthand": {
			"rotation": [140.71, 14.22, -6.01],
			"translation": [-4, -3, -6.5]
		},
		"firstperson_righthand": {
			"rotation": [-46, -9, -1.88],
			"translation": [10, -3.25, 3.75]
		},
		"firstperson_lefthand": {
			"rotation": [-43, -9, -1.88],
			"translation": [0.5, -2.5, 3.75]
		},
		"ground": {
			"rotation": [-149.39, -14.73, -170.38],
			"translation": [-7.75, -0.25, -5.75]
		},
		"gui": {
			"rotation": [-74.75, 21.55, 121.4],
			"translation": [6.25, 1.25, -10.5]
		},
		"fixed": {
			"rotation": [89.05, -55.91, -90.03],
			"translation": [-16.25, 5.75, -10.5],
			"scale": [2, 2, 2]
		},
		"on_shelf": {
			"rotation": [89.05, -55.91, -90.03],
			"translation": [-16.25, 5.75, -5.75],
			"scale": [2, 2, 2]
		}
	},
	"groups": [
		{
			"name": "group",
			"origin": [7, 16, 7],
			"color": 0,
			"children": [0, 1, 2, 3, 4, 5, 6, 7, 8, 9, 10]
		}
	]
}