{
	"format_version": "1.21.11",
	"credit": "Made with Blockbench",
	"texture_size": [64, 64],
	"textures": {
		"0": "item/great_helm",
		"particle": "item/great_helm"
	},
	"elements": [
		{
			"from": [1.25, 0, 1.95],
			"to": [14.75, 14, 14.75],
			"rotation": {"angle": 0, "axis": "y", "origin": [0, 0, 0]},
			"faces": {
				"north": {"uv": [0, 0, 3.5, 3.5], "texture": "#0"},
				"east": {"uv": [3.5, 0, 6.75, 3.5], "texture": "#0"},
				"south": {"uv": [0, 3.5, 3.5, 7], "texture": "#0"},
				"west": {"uv": [3.5, 3.5, 6.75, 7], "texture": "#0"},
				"up": {"uv": [10.25, 3.25, 6.75, 0], "texture": "#0"},
				"down": {"uv": [10.25, 3.25, 6.75, 6.5], "texture": "#0"}
			}
		},
		{
			"from": [2.25, 14, 1.95],
			"to": [13.75, 14.5, 13.75],
			"rotation": {"angle": 0, "axis": "y", "origin": [0, 1, 0]},
			"faces": {
				"north": {"uv": [12.75, 7, 15.75, 7.25], "texture": "#0"},
				"east": {"uv": [12.75, 7.25, 15.75, 7.5], "texture": "#0"},
				"south": {"uv": [12.75, 7.5, 15.75, 7.75], "texture": "#0"},
				"west": {"uv": [12.75, 7.75, 15.75, 8], "texture": "#0"},
				"up": {"uv": [6, 10, 3, 7], "texture": "#0"},
				"down": {"uv": [12.75, 6.5, 9.75, 9.5], "texture": "#0"}
			}
		},
		{
			"from": [6.25, 14.5, 7.95],
			"to": [9.75, 15.5, 11.75],
			"rotation": {"angle": 0, "axis": "y", "origin": [0, 2, 2]},
			"faces": {
				"north": {"uv": [11.25, 3.5, 12.25, 3.75], "texture": "#0"},
				"east": {"uv": [11.25, 3.75, 12.25, 4], "texture": "#0"},
				"south": {"uv": [11.25, 4, 12.25, 4.25], "texture": "#0"},
				"west": {"uv": [11.25, 4.25, 12.25, 4.5], "texture": "#0"},
				"up": {"uv": [9.75, 11, 8.75, 10], "texture": "#0"},
				"down": {"uv": [11.25, 3.5, 10.25, 4.5], "texture": "#0"}
			}
		},
		{
			"from": [7.25, 15.5, 8.95],
			"to": [8.75, 16.5, 10.75],
			"rotation": {"angle": 0, "axis": "y", "origin": [0, 3, 2]},
			"faces": {
				"north": {"uv": [6, 8, 6.5, 8.25], "texture": "#0"},
				"east": {"uv": [6, 8.25, 6.5, 8.5], "texture": "#0"},
				"south": {"uv": [6, 8.5, 6.5, 8.75], "texture": "#0"},
				"west": {"uv": [6, 8.75, 6.5, 9], "texture": "#0"},
				"up": {"uv": [6.5, 7.5, 6, 7], "texture": "#0"},
				"down": {"uv": [6.5, 7.5, 6, 8], "texture": "#0"}
			}
		},
		{
			"from": [8, 16.5, 1.95],
			"to": [8, 30.5, 13.75],
			"rotation": {"angle": 22.5, "axis": "x", "origin": [0, 7, -1]},
			"faces": {
				"north": {"uv": [0, 0, 0, 3.5], "texture": "#0"},
				"east": {"uv": [0, 7, 3, 10.5], "texture": "#0"},
				"south": {"uv": [0, 0, 0, 3.5], "texture": "#0"},
				"west": {"uv": [3, 7, 0, 10.5], "texture": "#0"},
				"up": {"uv": [0, 3, 0, 0], "texture": "#0"},
				"down": {"uv": [0, 0, 0, 3], "texture": "#0"}
			}
		},
		{
			"from": [3.75, 0, 0.95],
			"to": [12.25, 14, 2],
			"rotation": {"angle": 0, "axis": "y", "origin": [0, 0, 0]},
			"faces": {
				"north": {"uv": [9.75, 9.5, 12, 13], "texture": "#0"},
				"east": {"uv": [12, 9.5, 12.25, 13], "texture": "#0"},
				"south": {"uv": [3, 10, 5.25, 13.5], "texture": "#0"},
				"west": {"uv": [12.25, 9.5, 12.5, 13], "texture": "#0"},
				"up": {"uv": [12.5, 4.75, 10.25, 4.5], "texture": "#0"},
				"down": {"uv": [12.5, 4.75, 10.25, 5], "texture": "#0"}
			}
		},
		{
			"from": [5.75, 0, 0.2],
			"to": [10.25, 14, 1],
			"rotation": {"angle": 0, "axis": "y", "origin": [0, 0, 0]},
			"faces": {
				"north": {"uv": [1.75, 10.5, 3, 14], "texture": "#0"},
				"east": {"uv": [12.5, 9.5, 12.75, 13], "texture": "#0"},
				"south": {"uv": [12, 0, 13.25, 3.5], "texture": "#0"},
				"west": {"uv": [12.75, 3.5, 13, 7], "texture": "#0"},
				"up": {"uv": [11.5, 6.25, 10.25, 6], "texture": "#0"},
				"down": {"uv": [11.5, 6.25, 10.25, 6.5], "texture": "#0"}
			}
		},
		{
			"from": [7.25, 0, 1.8],
			"to": [14.6, 14, 2.8],
			"rotation": {"angle": -22.5, "axis": "y", "origin": [14.35, 7.5, 2.3]},
			"faces": {
				"north": {"uv": [5.25, 10, 7, 13.5], "texture": "#0"},
				"east": {"uv": [8.75, 11, 9, 14.5], "texture": "#0"},
				"south": {"uv": [7, 10, 8.75, 13.5], "texture": "#0"},
				"west": {"uv": [9, 11, 9.25, 14.5], "texture": "#0"},
				"up": {"uv": [12, 5.25, 10.25, 5], "texture": "#0"},
				"down": {"uv": [12, 5.25, 10.25, 5.5], "texture": "#0"}
			}
		},
		{
			"from": [1.4, 0, 1.8],
			"to": [8.75, 14, 2.8],
			"rotation": {"angle": 22.5, "axis": "y", "origin": [1.65, 7.5, 2.3]},
			"faces": {
				"north": {"uv": [10.25, 0, 12, 3.5], "texture": "#0"},
				"east": {"uv": [9.25, 11, 9.5, 14.5], "texture": "#0"},
				"south": {"uv": [0, 10.5, 1.75, 14], "texture": "#0"},
				"west": {"uv": [9.5, 11, 9.75, 14.5], "texture": "#0"},
				"up": {"uv": [12, 5.75, 10.25, 5.5], "texture": "#0"},
				"down": {"uv": [12, 5.75, 10.25, 6], "texture": "#0"}
			}
		}
	],
	"display": {
		"thirdperson_righthand": {
			"rotation": [37.79, -5.1, -17.24],
			"translation": [0, -3, -1],
			"scale": [0.4, 0.4, 0.4]
		},
		"thirdperson_lefthand": {
			"rotation": [37.79, -5.1, -17.24],
			"translation": [0, -3, -1],
			"scale": [0.4, 0.4, 0.4]
		},
		"firstperson_righthand": {
			"rotation": [15.75, 0, 9.75],
			"translation": [0, 1, 0],
			"scale": [0.5, 0.5, 0.5]
		},
		"firstperson_lefthand": {
			"rotation": [15.75, 0, 9.75],
			"translation": [0, 1, 0],
			"scale": [0.5, 0.5, 0.5]
		},
		"ground": {
			"scale": [0.7, 0.7, 0.7]
		},
		"gui": {
			"rotation": [-160.12, -17.83, -176],
			"translation": [0, -2.75, 0],
			"scale": [0.7, 0.7, 0.7]
		},
		"head": {
			"translation": [0, 0.5, -0.25]
		},
		"fixed": {
			"rotation": [-30.5, 0, 0],
			"translation": [0, -1.25, -2.75]
		},
		"on_shelf": {
			"rotation": [-158, 0, -180],
			"translation": [0, -1, 0]
		}
	}
}