{
	"format_version": "1.21.11",
	"credit": "Made with Blockbench",
	"texture_size": [64, 64],
	"textures": {
		"0": "item/hanging_plant",
		"particle": "item/hanging_plant"
	},
	"elements": [
		{
			"from": [4, 1, 4],
			"to": [12, 8, 12],
			"rotation": {"angle": 0, "axis": "y", "origin": [7, 0, 7]},
			"faces": {
				"north": {"uv": [0, 8.5, 2, 10.25], "texture": "#0"},
				"east": {"uv": [0, 8.5, 2, 10.25], "texture": "#0"},
				"south": {"uv": [0, 8.5, 2, 10.25], "texture": "#0"},
				"west": {"uv": [0, 8.5, 2, 10.25], "texture": "#0"},
				"up": {"uv": [9.5, 2, 7.5, 0], "texture": "#0"},
				"down": {"uv": [9.5, 2, 7.5, 4], "texture": "#0"}
			}
		},
		{
			"from": [3.5, 8, 3.5],
			"to": [12.5, 9.75, 12.5],
			"rotation": {"angle": 0, "axis": "y", "origin": [7, 0.75, 7]},
			"faces": {
				"north": {"uv": [7.5, 4, 9.75, 4.5], "texture": "#0"},
				"east": {"uv": [7.5, 4.5, 9.75, 5], "texture": "#0"},
				"south": {"uv": [8.5, 7.5, 10.75, 8], "texture": "#0"},
				"west": {"uv": [8.5, 8, 10.75, 8.5], "texture": "#0"},
				"up": {"uv": [6.75, 7.5, 4.5, 5.25], "texture": "#0"},
				"down": {"uv": [9, 5.25, 6.75, 7.5], "texture": "#0"}
			}
		},
		{
			"from": [3.5, 9.5, 8],
			"to": [12.5, 22.25, 8],
			"rotation": {"angle": 45, "axis": "y", "origin": [8, 10.25, 8]},
			"faces": {
				"north": {"uv": [0, 5.25, 2.25, 8.5], "texture": "#0"},
				"east": {"uv": [0, 0, 0, 3.25], "texture": "#0"},
				"south": {"uv": [0, 5.25, 2.25, 8.5], "texture": "#0"},
				"west": {"uv": [0, 0, 0, 3.25], "texture": "#0"},
				"up": {"uv": [2.25, 0, 0, 0], "texture": "#0"},
				"down": {"uv": [2.25, 0, 0, 0], "texture": "#0"}
			}
		},
		{
			"from": [8, 9.5, 3.5],
			"to": [8, 22.25, 12.5],
			"rotation": {"angle": 45, "axis": "y", "origin": [8, 10.25, 8]},
			"faces": {
				"north": {"uv": [0, 0, 0, 3.25], "texture": "#0"},
				"east": {"uv": [0, 5.25, 2.25, 8.5], "texture": "#0"},
				"south": {"uv": [0, 0, 0, 3.25], "texture": "#0"},
				"west": {"uv": [0, 5.25, 2.25, 8.5], "texture": "#0"},
				"up": {"uv": [2.25, 0, 0, 0], "rotation": 90, "texture": "#0"},
				"down": {"uv": [2.25, 0, 0, 0], "rotation": 270, "texture": "#0"}
			}
		},
		{
			"from": [-5.5, 9.5, 8],
			"to": [9.5, 30.25, 8],
			"rotation": {"x": 14.13655, "y": -15.70982, "z": 126.79391, "origin": [5, 10.25, 8]},
			"faces": {
				"north": {"uv": [0, 0, 3.75, 5.25], "texture": "#0"},
				"east": {"uv": [0, 0, 0, 5.25], "texture": "#0"},
				"south": {"uv": [3.75, 0, 0, 5.25], "texture": "#0"},
				"west": {"uv": [0, 0, 0, 5.25], "texture": "#0"},
				"up": {"uv": [3.75, 0, 0, 0], "texture": "#0"},
				"down": {"uv": [3.75, 0, 0, 0], "texture": "#0"}
			}
		},
		{
			"from": [11, 9.5, 3.5],
			"to": [11, 30.25, 18.5],
			"rotation": {"x": 107.62589, "y": 50.3153, "z": -7.64575, "origin": [11, 10.25, 8]},
			"faces": {
				"north": {"uv": [0, 0, 0, 5.25], "texture": "#0"},
				"east": {"uv": [3.75, 0, 0, 5.25], "texture": "#0"},
				"south": {"uv": [0, 0, 0, 5.25], "texture": "#0"},
				"west": {"uv": [0, 0, 3.75, 5.25], "texture": "#0"},
				"up": {"uv": [0, 0, 3.75, 0], "rotation": 90, "texture": "#0"},
				"down": {"uv": [0, 0, 3.75, 0], "rotation": 270, "texture": "#0"}
			}
		},
		{
			"from": [9, 9.5, -3.5],
			"to": [9, 28.25, 9.5],
			"rotation": {"x": -115.53654, "y": 30.99821, "z": 14.58511, "origin": [9, 10.25, 6]},
			"faces": {
				"north": {"uv": [0, 0, 0, 5.25], "texture": "#0"},
				"east": {"uv": [0, 0, 3.75, 5.25], "texture": "#0"},
				"south": {"uv": [0, 0, 0, 5.25], "texture": "#0"},
				"west": {"uv": [3.75, 0, 0, 5.25], "texture": "#0"},
				"up": {"uv": [0, 0, 3.75, 0], "rotation": 270, "texture": "#0"},
				"down": {"uv": [0, 0, 3.75, 0], "rotation": 90, "texture": "#0"}
			}
		}
	],
	"display": {
		"thirdperson_righthand": {
			"rotation": [14.7, 3.01, -11.72],
			"translation": [0, 2.75, 0],
			"scale": [0.7, 0.7, 0.7]
		},
		"thirdperson_lefthand": {
			"rotation": [14.7, 3.01, -11.72],
			"translation": [0, 2.75, 0],
			"scale": [0.7, 0.7, 0.7]
		},
		"firstperson_righthand": {
			"rotation": [5.25, 18.25, 3.25],
			"translation": [0, 2.5, 0],
			"scale": [0.7, 0.7, 0.7]
		},
		"firstperson_lefthand": {
			"rotation": [5.25, 18.25, 3.25],
			"translation": [0, 2.5, 0],
			"scale": [0.7, 0.7, 0.7]
		},
		"ground": {
			"translation": [0, 2.25, 0]
		},
		"gui": {
			"rotation": [22.8, 21.59, 8.85],
			"translation": [-1.75, -1.25, 0],
			"scale": [0.7, 0.7, 0.7]
		},
		"head": {
			"translation": [0, 13, 0]
		},
		"fixed": {
			"rotation": [-90, 9, -180],
			"translation": [0, 0, -4.75],
			"scale": [2, 2, 2]
		}
	}
}