{
	"format_version": "1.21.11",
	"credit": "Made with Blockbench",
	"texture_size": [32, 32],
	"textures": {
		"0": "item/mar_sword",
		"particle": "item/mar_sword"
	},
	"elements": [
		{
			"from": [7, -6, 7],
			"to": [9, -2, 9],
			"rotation": {"angle": -45, "axis": "y", "origin": [8, -4, 8]},
			"faces": {
				"north": {"uv": [8, 3.5, 9, 5.5], "texture": "#0"},
				"east": {"uv": [8, 5.5, 9, 7.5], "texture": "#0"},
				"south": {"uv": [7, 8, 8, 10], "texture": "#0"},
				"west": {"uv": [8, 7.5, 9, 9.5], "texture": "#0"},
				"up": {"uv": [10, 1, 9, 0], "texture": "#0"},
				"down": {"uv": [10, 1, 9, 2], "texture": "#0"}
			}
		},
		{
			"from": [7.25, -1.75, 7.25],
			"to": [8.75, -1.25, 8.75],
			"rotation": {"angle": 0, "axis": "y", "origin": [7, -3.5, 7]},
			"faces": {
				"north": {"uv": [8, 9.5, 9, 10], "texture": "#0"},
				"east": {"uv": [10, 2, 11, 2.5], "texture": "#0"},
				"south": {"uv": [10, 2.5, 11, 3], "texture": "#0"},
				"west": {"uv": [10, 3, 11, 3.5], "texture": "#0"},
				"up": {"uv": [10, 3, 9, 2], "texture": "#0"},
				"down": {"uv": [10, 3, 9, 4], "texture": "#0"}
			}
		},
		{
			"from": [7.25, 5.5, 7.25],
			"to": [8.75, 6, 8.75],
			"rotation": {"angle": 0, "axis": "y", "origin": [7, 3.75, 7]},
			"faces": {
				"north": {"uv": [10, 3.5, 11, 4], "texture": "#0"},
				"east": {"uv": [10, 4, 11, 4.5], "texture": "#0"},
				"south": {"uv": [10, 4.5, 11, 5], "texture": "#0"},
				"west": {"uv": [10, 5, 11, 5.5], "texture": "#0"},
				"up": {"uv": [10, 5, 9, 4], "texture": "#0"},
				"down": {"uv": [10, 5, 9, 6], "texture": "#0"}
			}
		},
		{
			"from": [8, 6.25, 7.6],
			"to": [11, 7, 8.4],
			"rotation": {"angle": -7.5, "axis": "z", "origin": [8.025, 6.625, 8]},
			"faces": {
				"north": {"uv": [10, 0, 11.5, 0.5], "texture": "#0"},
				"east": {"uv": [3.5, 10.5, 4, 11], "texture": "#0"},
				"south": {"uv": [10, 0.5, 11.5, 1], "texture": "#0"},
				"west": {"uv": [4, 10.5, 4.5, 11], "texture": "#0"},
				"up": {"uv": [11.5, 1.5, 10, 1], "texture": "#0"},
				"down": {"uv": [11.5, 1.5, 10, 2], "texture": "#0"}
			}
		},
		{
			"from": [7.4, -2, 7.4],
			"to": [8.6, 6.5, 8.6],
			"rotation": {"angle": 0, "axis": "y", "origin": [7, -3.25, 7]},
			"faces": {
				"north": {"uv": [7.5, 3.5, 8, 8], "texture": "#0"},
				"east": {"uv": [5.5, 7.5, 6, 12], "texture": "#0"},
				"south": {"uv": [6, 7.5, 6.5, 12], "texture": "#0"},
				"west": {"uv": [6.5, 7.5, 7, 12], "texture": "#0"},
				"up": {"uv": [7.5, 8, 7, 7.5], "texture": "#0"},
				"down": {"uv": [3.5, 10.5, 3, 11], "texture": "#0"}
			}
		},
		{
			"from": [6.9, 6.5, 7.9],
			"to": [9.1, 21.75, 8.1],
			"rotation": {"angle": 0, "axis": "y", "origin": [7, 5.75, 7]},
			"faces": {
				"north": {"uv": [5.5, 0, 6.5, 7.5], "texture": "#0"},
				"east": {"uv": [4.5, 7, 5, 14.5], "texture": "#0"},
				"south": {"uv": [6.5, 0, 5.5, 7.5], "texture": "#0"},
				"west": {"uv": [5, 7, 5.5, 14.5], "texture": "#0"},
				"up": {"uv": [10.5, 10.5, 9.5, 10], "texture": "#0"},
				"down": {"uv": [11, 9.5, 10, 10], "texture": "#0"}
			}
		},
		{
			"from": [6.4, 6.5, 8],
			"to": [9.6, 29.75, 8],
			"rotation": {"angle": 0, "axis": "y", "origin": [7, 7.75, 7]},
			"faces": {
				"north": {"uv": [0, 0, 1.5, 11.5], "texture": "#0"},
				"east": {"uv": [0, 0, 0, 11.5], "texture": "#0"},
				"south": {"uv": [1.5, 0, 0, 11.5], "texture": "#0"},
				"west": {"uv": [0, 0, 0, 11.5], "texture": "#0"},
				"up": {"uv": [1.5, 0, 0, 0], "texture": "#0"},
				"down": {"uv": [1.5, 0, 0, 0], "texture": "#0"}
			}
		},
		{
			"from": [6.4, -8.5, 8],
			"to": [9.6, -1.25, 8],
			"rotation": {"angle": 0, "axis": "y", "origin": [7, -14.25, 7]},
			"faces": {
				"north": {"uv": [3, 7, 4.5, 10.5], "texture": "#0"},
				"east": {"uv": [0, 0, 0, 3.5], "texture": "#0"},
				"south": {"uv": [3, 7, 4.5, 10.5], "texture": "#0"},
				"west": {"uv": [0, 0, 0, 3.5], "texture": "#0"},
				"up": {"uv": [1.5, 0, 0, 0], "texture": "#0"},
				"down": {"uv": [1.5, 0, 0, 0], "texture": "#0"}
			}
		},
		{
			"from": [8.4, 1.5, 8],
			"to": [13.6, 8.75, 8],
			"rotation": {"angle": 0, "axis": "y", "origin": [10, -4.25, 7]},
			"faces": {
				"north": {"uv": [3, 0, 5.5, 3.5], "texture": "#0"},
				"east": {"uv": [0, 0, 0, 3.5], "texture": "#0"},
				"south": {"uv": [5.5, 0, 3, 3.5], "texture": "#0"},
				"west": {"uv": [0, 0, 0, 3.5], "texture": "#0"},
				"up": {"uv": [2.5, 0, 0, 0], "texture": "#0"},
				"down": {"uv": [2.5, 0, 0, 0], "texture": "#0"}
			}
		},
		{
			"from": [7.2, 5.9, 7.3],
			"to": [8.8, 7.5, 8.7],
			"rotation": {"angle": 45, "axis": "z", "origin": [8, 6.7, 8]},
			"faces": {
				"north": {"uv": [9, 6, 10, 7], "texture": "#0"},
				"east": {"uv": [10, 5.5, 10.5, 6.5], "texture": "#0"},
				"south": {"uv": [9, 7, 10, 8], "texture": "#0"},
				"west": {"uv": [10, 6.5, 10.5, 7.5], "texture": "#0"},
				"up": {"uv": [8, 10.5, 7, 10], "texture": "#0"},
				"down": {"uv": [11, 7.5, 10, 8], "texture": "#0"}
			}
		},
		{
			"from": [10.2, 5.4, 7.4],
			"to": [11.8, 7, 8.6],
			"rotation": {"angle": 45, "axis": "z", "origin": [11, 6.2, 8]},
			"faces": {
				"north": {"uv": [9, 6, 10, 7], "texture": "#0"},
				"east": {"uv": [10, 5.5, 10.5, 6.5], "texture": "#0"},
				"south": {"uv": [9, 7, 10, 8], "texture": "#0"},
				"west": {"uv": [10, 6.5, 10.5, 7.5], "texture": "#0"},
				"up": {"uv": [8, 10.5, 7, 10], "texture": "#0"},
				"down": {"uv": [11, 7.5, 10, 8], "texture": "#0"}
			}
		},
		{
			"from": [4.2, 5.4, 7.4],
			"to": [5.8, 7, 8.6],
			"rotation": {"angle": -45, "axis": "z", "origin": [5, 6.2, 8]},
			"faces": {
				"north": {"uv": [10, 6, 9, 7], "texture": "#0"},
				"east": {"uv": [10.5, 6.5, 10, 7.5], "texture": "#0"},
				"south": {"uv": [10, 7, 9, 8], "texture": "#0"},
				"west": {"uv": [10.5, 5.5, 10, 6.5], "texture": "#0"},
				"up": {"uv": [7, 10.5, 8, 10], "texture": "#0"},
				"down": {"uv": [10, 7.5, 11, 8], "texture": "#0"}
			}
		},
		{
			"from": [5, 6.25, 7.6],
			"to": [8, 7, 8.4],
			"rotation": {"angle": 7.5, "axis": "z", "origin": [7.975, 6.625, 8]},
			"faces": {
				"north": {"uv": [11.5, 0, 10, 0.5], "texture": "#0"},
				"east": {"uv": [4.5, 10.5, 4, 11], "texture": "#0"},
				"south": {"uv": [11.5, 0.5, 10, 1], "texture": "#0"},
				"west": {"uv": [4, 10.5, 3.5, 11], "texture": "#0"},
				"up": {"uv": [10, 1.5, 11.5, 1], "texture": "#0"},
				"down": {"uv": [10, 1.5, 11.5, 2], "texture": "#0"}
			}
		},
		{
			"from": [2.4, 1.5, 8],
			"to": [7.6, 8.75, 8],
			"rotation": {"angle": 0, "axis": "y", "origin": [6, -4.25, 7]},
			"faces": {
				"north": {"uv": [5.5, 0, 3, 3.5], "texture": "#0"},
				"east": {"uv": [0, 0, 0, 3.5], "texture": "#0"},
				"south": {"uv": [3, 0, 5.5, 3.5], "texture": "#0"},
				"west": {"uv": [0, 0, 0, 3.5], "texture": "#0"},
				"up": {"uv": [0, 0, 2.5, 0], "texture": "#0"},
				"down": {"uv": [0, 0, 2.5, 0], "texture": "#0"}
			}
		}
	],
	"display": {
		"thirdperson_righthand": {
			"rotation": [23.06, 89.67, -30.71],
			"translation": [0, 2.75, 0.75],
			"scale": [0.8, 0.8, 0.8]
		},
		"thirdperson_lefthand": {
			"rotation": [23.06, 89.67, -30.71],
			"translation": [0, 2.75, 0.75],
			"scale": [0.8, 0.8, 0.8]
		},
		"firstperson_righthand": {
			"rotation": [-11.61, -71.98, -1.45],
			"translation": [0, 2, 0]
		},
		"firstperson_lefthand": {
			"rotation": [-11.61, -71.98, -1.45],
			"translation": [0, 2, 0]
		},
		"ground": {
			"translation": [0, 12.5, 0]
		},
		"gui": {
			"rotation": [-23.33, -18.72, 48.98],
			"translation": [0.5, 0, 0],
			"scale": [0.8, 0.8, 0.8]
		},
		"fixed": {
			"rotation": [0, 0, -179.5],
			"translation": [0, 0, -0.25],
			"scale": [2, 2, 2]
		},
		"on_shelf": {
			"rotation": [-3.75, 10.25, 164.25]
		}
	}
}