{
	"format_version": "1.21.6",
	"credit": "Made with Blockbench",
	"texture_size": [64, 64],
	"textures": {
		"0": "item/mar_goggles",
		"particle": "item/mar_goggles"
	},
	"elements": [
		{
			"from": [2, 12, 0],
			"to": [7, 17, 2],
			"rotation": {"angle": 27.5, "axis": "x", "origin": [2, 12, 0]},
			"faces": {
				"north": {"uv": [7, 1, 8.25, 2.25], "texture": "#0"},
				"east": {"uv": [3.5, 7.5, 4, 8.75], "texture": "#0"},
				"south": {"uv": [7, 2.25, 8.25, 3.5], "texture": "#0"},
				"west": {"uv": [7.5, 3.5, 8, 4.75], "texture": "#0"},
				"up": {"uv": [5.25, 8, 4, 7.5], "texture": "#0"},
				"down": {"uv": [6.5, 7.5, 5.25, 8], "texture": "#0"}
			}
		},
		{
			"from": [9, 12, 0],
			"to": [14, 17, 2],
			"rotation": {"angle": 27.5, "axis": "x", "origin": [14, 12, 0]},
			"faces": {
				"north": {"uv": [1, 7.5, 2.25, 8.75], "texture": "#0"},
				"east": {"uv": [7.5, 7, 8, 8.25], "texture": "#0"},
				"south": {"uv": [2.25, 7.5, 3.5, 8.75], "texture": "#0"},
				"west": {"uv": [8, 3.5, 8.5, 4.75], "texture": "#0"},
				"up": {"uv": [5.25, 8.5, 4, 8], "texture": "#0"},
				"down": {"uv": [6.5, 8, 5.25, 8.5], "texture": "#0"}
			}
		},
		{
			"from": [0.95, 13.25, 1],
			"to": [15.05, 15.25, 16.3],
			"rotation": {"angle": 27.5, "axis": "x", "origin": [1, 13.25, 1]},
			"faces": {
				"north": {"uv": [7, 0, 10.5, 0.5], "texture": "#0"},
				"east": {"uv": [6.5, 5, 10.25, 5.5], "texture": "#0"},
				"south": {"uv": [7, 0.5, 10.5, 1], "texture": "#0"},
				"west": {"uv": [6.5, 5.5, 10.25, 6], "texture": "#0"},
				"up": {"uv": [3.5, 3.75, 0, 0], "texture": "#0"},
				"down": {"uv": [7, 0, 3.5, 3.75], "texture": "#0"}
			}
		},
		{
			"from": [0.5, 0, 13.05],
			"to": [15.5, 5, 14.55],
			"rotation": {"angle": 17.5, "axis": "x", "origin": [0.5, 0, 14.8]},
			"faces": {
				"north": {"uv": [0, 3.75, 3.75, 5], "texture": "#0"},
				"east": {"uv": [8, 7, 8.5, 8.25], "texture": "#0"},
				"south": {"uv": [3.75, 3.75, 7.5, 5], "texture": "#0"},
				"west": {"uv": [8.25, 1, 8.75, 2.25], "texture": "#0"},
				"up": {"uv": [10.25, 6.5, 6.5, 6], "texture": "#0"},
				"down": {"uv": [10.25, 6.5, 6.5, 7], "texture": "#0"}
			}
		},
		{
			"from": [0.75, 0.6, 1.55],
			"to": [2.25, 5.6, 14.8],
			"rotation": {"angle": 17.5, "axis": "z", "origin": [2.5, 0.6, 13.8]},
			"faces": {
				"north": {"uv": [8.25, 2.25, 8.75, 3.5], "texture": "#0"},
				"east": {"uv": [0, 5, 3.25, 6.25], "texture": "#0"},
				"south": {"uv": [7.5, 8.25, 8, 9.5], "texture": "#0"},
				"west": {"uv": [3.25, 5, 6.5, 6.25], "texture": "#0"},
				"up": {"uv": [7, 10.25, 6.5, 7], "texture": "#0"},
				"down": {"uv": [7.5, 7, 7, 10.25], "texture": "#0"}
			}
		},
		{
			"from": [13.75, 0.6, 1.55],
			"to": [15.25, 5.6, 14.8],
			"rotation": {"angle": -17.5, "axis": "z", "origin": [13.5, 0.6, 13.8]},
			"faces": {
				"north": {"uv": [8, 8.25, 8.5, 9.5], "texture": "#0"},
				"east": {"uv": [0, 6.25, 3.25, 7.5], "texture": "#0"},
				"south": {"uv": [8.5, 3.5, 9, 4.75], "texture": "#0"},
				"west": {"uv": [3.25, 6.25, 6.5, 7.5], "texture": "#0"},
				"up": {"uv": [0.5, 10.75, 0, 7.5], "texture": "#0"},
				"down": {"uv": [1, 7.5, 0.5, 10.75], "texture": "#0"}
			}
		}
	],
	"display": {
		"thirdperson_righthand": {
			"scale": [0.5, 0.5, 0.5]
		},
		"thirdperson_lefthand": {
			"scale": [0.5, 0.5, 0.5]
		},
		"ground": {
			"scale": [1.5, 1.5, 1.5]
		},
		"gui": {
			"rotation": [-165, -21.75, -180]
		},
		"head": {
			"translation": [0, 0.5, 0]
		},
		"on_shelf": {
			"rotation": [-180, 0.25, -180]
		}
	}
}