{
	"format_version": "1.21.6",
	"credit": "Made with Blockbench",
	"texture_size": [32, 32],
	"textures": {
		"0": "item/buddy_texture",
		"particle": "item/buddy_texture"
	},
	"elements": [
		{
			"from": [4.5, 0, 4.5],
			"to": [7.5, 3, 9.5],
			"rotation": {"angle": 7.5, "axis": "y", "origin": [4.5, 0, 4.5]},
			"faces": {
				"north": {"uv": [10.5, 11, 12, 12.5], "texture": "#0"},
				"east": {"uv": [3.5, 6, 6, 7.5], "texture": "#0"},
				"south": {"uv": [11.5, 6, 13, 7.5], "texture": "#0"},
				"west": {"uv": [6, 6, 8.5, 7.5], "texture": "#0"},
				"up": {"uv": [8.5, 2.5, 7, 0], "texture": "#0"},
				"down": {"uv": [8.5, 2.5, 7, 5], "texture": "#0"}
			}
		},
		{
			"from": [8.5, 0, 4.5],
			"to": [11.5, 3, 9.5],
			"rotation": {"angle": -7.5, "axis": "y", "origin": [11.5, 0, 4.5]},
			"faces": {
				"north": {"uv": [12, 11, 10.5, 12.5], "texture": "#0"},
				"east": {"uv": [8.5, 6, 6, 7.5], "texture": "#0"},
				"south": {"uv": [13, 6, 11.5, 7.5], "texture": "#0"},
				"west": {"uv": [6, 6, 3.5, 7.5], "texture": "#0"},
				"up": {"uv": [7, 2.5, 8.5, 0], "texture": "#0"},
				"down": {"uv": [7, 2.5, 8.5, 5], "texture": "#0"}
			}
		},
		{
			"from": [3.25, 6, 5.75],
			"to": [6.25, 8.25, 10.25],
			"rotation": {"angle": 0, "axis": "y", "origin": [3.25, 6, 5]},
			"faces": {
				"north": {"uv": [12, 3, 13.5, 4], "texture": "#0"},
				"east": {"uv": [1.5, 11, 4, 12], "texture": "#0"},
				"south": {"uv": [4, 12, 5.5, 13], "texture": "#0"},
				"west": {"uv": [4, 11, 6.5, 12], "texture": "#0"},
				"up": {"uv": [1.5, 10.5, 0, 8], "texture": "#0"},
				"down": {"uv": [3, 8, 1.5, 10.5], "texture": "#0"}
			}
		},
		{
			"from": [4.75, 2, 6],
			"to": [11.25, 4, 10],
			"rotation": {"angle": 0, "axis": "y", "origin": [7, 2, 8]},
			"faces": {
				"north": {"uv": [7, 5, 10.5, 6], "texture": "#0"},
				"east": {"uv": [11.5, 7.5, 13.5, 8.5], "texture": "#0"},
				"south": {"uv": [8.5, 0, 12, 1], "texture": "#0"},
				"west": {"uv": [11.5, 8.5, 13.5, 9.5], "texture": "#0"},
				"up": {"uv": [7, 2, 3.5, 0], "texture": "#0"},
				"down": {"uv": [7, 2, 3.5, 4], "texture": "#0"}
			}
		},
		{
			"from": [4.75, 5.75, 6],
			"to": [11.25, 8, 10],
			"rotation": {"angle": 0, "axis": "y", "origin": [7, 6, 8]},
			"faces": {
				"north": {"uv": [8.5, 1, 12, 2], "texture": "#0"},
				"east": {"uv": [12, 0, 14, 1], "texture": "#0"},
				"south": {"uv": [8.5, 2, 12, 3], "texture": "#0"},
				"west": {"uv": [12, 1, 14, 2], "texture": "#0"},
				"up": {"uv": [7, 6, 3.5, 4], "texture": "#0"},
				"down": {"uv": [3.5, 6, 0, 8], "texture": "#0"}
			}
		},
		{
			"from": [4.75, 7.75, 5],
			"to": [11.25, 10, 11],
			"rotation": {"angle": -10, "axis": "x", "origin": [7, 8, 8]},
			"faces": {
				"north": {"uv": [8.5, 3, 12, 4], "texture": "#0"},
				"east": {"uv": [3, 9, 6, 10], "texture": "#0"},
				"south": {"uv": [8.5, 4, 12, 5], "texture": "#0"},
				"west": {"uv": [3, 10, 6, 11], "texture": "#0"},
				"up": {"uv": [3.5, 3, 0, 0], "texture": "#0"},
				"down": {"uv": [3.5, 3, 0, 6], "texture": "#0"}
			}
		},
		{
			"from": [11.25, 8.75, 8.75],
			"to": [11.75, 10, 10.75],
			"rotation": {"angle": -10, "axis": "x", "origin": [7, 8, 8]},
			"faces": {
				"north": {"uv": [1.5, 10.5, 2, 11], "texture": "#0"},
				"east": {"uv": [7.5, 9, 8.5, 9.5], "texture": "#0"},
				"south": {"uv": [2, 10.5, 2.5, 11], "texture": "#0"},
				"west": {"uv": [7.5, 9.5, 8.5, 10], "texture": "#0"},
				"up": {"uv": [3.5, 9, 3, 8], "texture": "#0"},
				"down": {"uv": [12.5, 4, 12, 5], "texture": "#0"}
			}
		},
		{
			"from": [6, 9.5, 7.5],
			"to": [6, 13.75, 10.5],
			"rotation": {"angle": 15, "axis": "x", "origin": [5.75, 9.75, 9.5]},
			"faces": {
				"north": {"uv": [0, 0, 0, 2], "texture": "#0"},
				"east": {"uv": [6, 9, 7.5, 11], "texture": "#0"},
				"south": {"uv": [0, 0, 0, 2], "texture": "#0"},
				"west": {"uv": [7.5, 9, 6, 11], "texture": "#0"},
				"up": {"uv": [0, 1.5, 0, 0], "texture": "#0"},
				"down": {"uv": [0, 0, 0, 1.5], "texture": "#0"}
			}
		},
		{
			"from": [8, 9.75, 6.75],
			"to": [8, 14, 9.75],
			"rotation": {"angle": -5, "axis": "x", "origin": [7.75, 10, 8.75]},
			"faces": {
				"north": {"uv": [0, 0, 0, 2], "texture": "#0"},
				"east": {"uv": [10, 8, 11.5, 10], "texture": "#0"},
				"south": {"uv": [0, 0, 0, 2], "texture": "#0"},
				"west": {"uv": [11.5, 8, 10, 10], "texture": "#0"},
				"up": {"uv": [0, 1.5, 0, 0], "texture": "#0"},
				"down": {"uv": [0, 0, 0, 1.5], "texture": "#0"}
			}
		},
		{
			"from": [11.3, 9.75, 8],
			"to": [11.3, 14, 11],
			"rotation": {"angle": 2.5, "axis": "x", "origin": [11.05, 10, 10]},
			"faces": {
				"north": {"uv": [0, 0, 0, 2], "texture": "#0"},
				"east": {"uv": [0, 10.5, 1.5, 12.5], "texture": "#0"},
				"south": {"uv": [0, 0, 0, 2], "texture": "#0"},
				"west": {"uv": [1.5, 10.5, 0, 12.5], "texture": "#0"},
				"up": {"uv": [0, 1.5, 0, 0], "texture": "#0"},
				"down": {"uv": [0, 0, 0, 1.5], "texture": "#0"}
			}
		},
		{
			"from": [5.5, 4, 6.5],
			"to": [10.5, 6, 9.5],
			"rotation": {"angle": 0, "axis": "y", "origin": [7, 4, 8]},
			"faces": {
				"north": {"uv": [10.5, 5, 13, 6], "texture": "#0"},
				"east": {"uv": [12, 2, 13.5, 3], "texture": "#0"},
				"south": {"uv": [10.5, 10, 13, 11], "texture": "#0"},
				"west": {"uv": [2.5, 12, 4, 13], "texture": "#0"},
				"up": {"uv": [6, 9, 3.5, 7.5], "texture": "#0"},
				"down": {"uv": [8.5, 7.5, 6, 9], "texture": "#0"}
			}
		},
		{
			"from": [3.5, 3, 6.4],
			"to": [5.5, 7, 9.6],
			"rotation": {"angle": -7.5, "axis": "z", "origin": [3.5, 5, 7]},
			"faces": {
				"north": {"uv": [6.5, 11, 7.5, 13], "texture": "#0"},
				"east": {"uv": [8.5, 6, 10, 8], "texture": "#0"},
				"south": {"uv": [1.5, 12, 2.5, 14], "texture": "#0"},
				"west": {"uv": [8.5, 8, 10, 10], "texture": "#0"},
				"up": {"uv": [6.5, 13.5, 5.5, 12], "texture": "#0"},
				"down": {"uv": [8.5, 12, 7.5, 13.5], "texture": "#0"}
			}
		},
		{
			"from": [9.75, 6, 5.75],
			"to": [12.75, 8.25, 10.25],
			"rotation": {"angle": 0, "axis": "y", "origin": [12.75, 6, 5]},
			"faces": {
				"north": {"uv": [13.5, 3, 12, 4], "texture": "#0"},
				"east": {"uv": [6.5, 11, 4, 12], "texture": "#0"},
				"south": {"uv": [5.5, 12, 4, 13], "texture": "#0"},
				"west": {"uv": [4, 11, 1.5, 12], "texture": "#0"},
				"up": {"uv": [0, 10.5, 1.5, 8], "texture": "#0"},
				"down": {"uv": [1.5, 8, 3, 10.5], "texture": "#0"}
			}
		},
		{
			"from": [10.5, 3, 6.4],
			"to": [12.5, 7, 9.6],
			"rotation": {"angle": 7.5, "axis": "z", "origin": [12.5, 5, 7]},
			"faces": {
				"north": {"uv": [7.5, 11, 6.5, 13], "texture": "#0"},
				"east": {"uv": [10, 8, 8.5, 10], "texture": "#0"},
				"south": {"uv": [2.5, 12, 1.5, 14], "texture": "#0"},
				"west": {"uv": [10, 6, 8.5, 8], "texture": "#0"},
				"up": {"uv": [5.5, 13.5, 6.5, 12], "texture": "#0"},
				"down": {"uv": [7.5, 12, 8.5, 13.5], "texture": "#0"}
			}
		}
	],
	"display": {
		"thirdperson_righthand": {
			"rotation": [63.08, -30.47, -7.43],
			"translation": [1.25, 0.75, 18.5]
		},
		"thirdperson_lefthand": {
			"rotation": [63.08, -30.47, -7.43],
			"translation": [1.25, 0.75, 18.5]
		},
		"firstperson_righthand": {
			"rotation": [152.94, 46.63, -153.66],
			"translation": [0.75, 5, 0]
		},
		"firstperson_lefthand": {
			"rotation": [152.94, 46.63, -153.66],
			"translation": [0.75, 5, 0]
		},
		"gui": {
			"rotation": [-146.57, -33.59, 167.62],
			"translation": [-0.75, 1.75, 0]
		},
		"head": {
			"translation": [0, 17.75, 0],
			"scale": [1.5, 1.5, 1.5]
		},
		"fixed": {
			"rotation": [-90.25, 0, 0],
			"translation": [0, 3.5, -23.5],
			"scale": [3, 3, 3]
		},
		"on_shelf": {
			"rotation": [-175.04, 5.59, 177.66],
			"translation": [0, -0.75, 0],
			"scale": [2, 2, 2]
		}
	}
}