{
	"format_version": "1.21.11",
	"credit": "Made with Blockbench",
	"texture_size": [64, 64],
	"textures": {
		"0": "item/cog_staff",
		"particle": "item/cog_staff"
	},
	"elements": [
		{
			"from": [7.5, -11, 7.5],
			"to": [8.5, 26, 8.5],
			"rotation": {"angle": 0, "axis": "y", "origin": [6.75, 0, 6.75]},
			"faces": {
				"north": {"uv": [0.5, 0, 0.75, 9.25], "texture": "#0"},
				"east": {"uv": [0.5, 0, 0.75, 9.25], "texture": "#0"},
				"south": {"uv": [0.5, 0, 0.75, 9.25], "texture": "#0"},
				"west": {"uv": [0.5, 0, 0.75, 9.25], "texture": "#0"},
				"up": {"uv": [3, 4.25, 2.75, 4], "texture": "#0"},
				"down": {"uv": [2.75, 4.5, 2.5, 4.75], "texture": "#0"}
			}
		},
		{
			"from": [7.25, -13, 7.25],
			"to": [8.75, -11, 8.75],
			"rotation": {"angle": 0, "axis": "y", "origin": [7, -13, 7]},
			"faces": {
				"north": {"uv": [1.75, 2.5, 2.25, 3], "texture": "#0"},
				"east": {"uv": [1.75, 3, 2.25, 3.5], "texture": "#0"},
				"south": {"uv": [1.75, 3.5, 2.25, 4], "texture": "#0"},
				"west": {"uv": [3.75, 2.25, 4.25, 2.75], "texture": "#0"},
				"up": {"uv": [4.25, 3.25, 3.75, 2.75], "texture": "#0"},
				"down": {"uv": [4.25, 3.25, 3.75, 3.75], "texture": "#0"}
			}
		},
		{
			"from": [7.25, 25, 7.25],
			"to": [8.75, 27, 8.75],
			"rotation": {"angle": 0, "axis": "y", "origin": [7, 27, 7]},
			"faces": {
				"north": {"uv": [3.25, 4.25, 3.75, 4.75], "texture": "#0"},
				"east": {"uv": [4.25, 3.25, 4.75, 3.75], "texture": "#0"},
				"south": {"uv": [3.75, 4.25, 4.25, 4.75], "texture": "#0"},
				"west": {"uv": [4.25, 3.75, 4.75, 4.25], "texture": "#0"},
				"up": {"uv": [4.75, 4.75, 4.25, 4.25], "texture": "#0"},
				"down": {"uv": [5, 0, 4.5, 0.5], "texture": "#0"}
			}
		},
		{
			"from": [7.5, 25.75, 4.75],
			"to": [8.5, 26.5, 7.75],
			"rotation": {"angle": 17.5, "axis": "x", "origin": [7, 27, 7]},
			"faces": {
				"north": {"uv": [1.25, 5, 1.5, 5.25], "texture": "#0"},
				"east": {"uv": [3.75, 4.75, 4.5, 5], "texture": "#0"},
				"south": {"uv": [5, 1.25, 5.25, 1.5], "texture": "#0"},
				"west": {"uv": [4.75, 4.25, 5.5, 4.5], "texture": "#0"},
				"up": {"uv": [4.75, 5.5, 4.5, 4.75], "texture": "#0"},
				"down": {"uv": [5, 4.5, 4.75, 5.25], "texture": "#0"}
			}
		},
		{
			"from": [7.7, 25.95, 3.65],
			"to": [8.3, 26.5, 6.65],
			"rotation": {"x": 102.5, "y": 0, "z": 0, "origin": [7, 27, 5.9]},
			"faces": {
				"north": {"uv": [1.5, 5, 1.75, 5.25], "texture": "#0"},
				"east": {"uv": [5, 0, 5.75, 0.25], "texture": "#0"},
				"south": {"uv": [5, 1.5, 5.25, 1.75], "texture": "#0"},
				"west": {"uv": [5, 0.25, 5.75, 0.5], "texture": "#0"},
				"up": {"uv": [5.25, 1.25, 5, 0.5], "texture": "#0"},
				"down": {"uv": [1.25, 5, 1, 5.75], "texture": "#0"}
			}
		},
		{
			"from": [7.5, 25.75, 8.25],
			"to": [8.5, 26.5, 11.25],
			"rotation": {"angle": -17.5, "axis": "x", "origin": [7, 27, 9]},
			"faces": {
				"north": {"uv": [5.25, 1.25, 5, 1.5], "texture": "#0"},
				"east": {"uv": [4.5, 4.75, 3.75, 5], "texture": "#0"},
				"south": {"uv": [1.5, 5, 1.25, 5.25], "texture": "#0"},
				"west": {"uv": [5.5, 4.25, 4.75, 4.5], "texture": "#0"},
				"up": {"uv": [4.75, 4.75, 4.5, 5.5], "texture": "#0"},
				"down": {"uv": [5, 5.25, 4.75, 4.5], "texture": "#0"}
			}
		},
		{
			"from": [7.7, 25.95, 9.35],
			"to": [8.3, 26.5, 12.35],
			"rotation": {"x": -102.5, "y": 0, "z": 0, "origin": [7, 27, 10.1]},
			"faces": {
				"north": {"uv": [5.25, 1.5, 5, 1.75], "texture": "#0"},
				"east": {"uv": [5.75, 0, 5, 0.25], "texture": "#0"},
				"south": {"uv": [1.75, 5, 1.5, 5.25], "texture": "#0"},
				"west": {"uv": [5.75, 0.25, 5, 0.5], "texture": "#0"},
				"up": {"uv": [5.25, 0.5, 5, 1.25], "texture": "#0"},
				"down": {"uv": [1.25, 5.75, 1, 5], "texture": "#0"}
			}
		},
		{
			"from": [4.75, 25.75, 7.5],
			"to": [7.75, 26.5, 8.5],
			"rotation": {"angle": -17.5, "axis": "z", "origin": [7, 27, 7]},
			"faces": {
				"north": {"uv": [5.5, 4.25, 4.75, 4.5], "texture": "#0"},
				"east": {"uv": [5.25, 1.25, 5, 1.5], "texture": "#0"},
				"south": {"uv": [4.5, 4.75, 3.75, 5], "texture": "#0"},
				"west": {"uv": [1.5, 5, 1.25, 5.25], "texture": "#0"},
				"up": {"uv": [4.75, 4.75, 4.5, 5.5], "rotation": 90, "texture": "#0"},
				"down": {"uv": [5, 5.25, 4.75, 4.5], "rotation": 270, "texture": "#0"}
			}
		},
		{
			"from": [3.65, 25.95, 7.7],
			"to": [6.65, 26.5, 8.3],
			"rotation": {"x": 0, "y": 0, "z": -102.5, "origin": [5.9, 27, 7]},
			"faces": {
				"north": {"uv": [5.75, 0.25, 5, 0.5], "texture": "#0"},
				"east": {"uv": [5.25, 1.5, 5, 1.75], "texture": "#0"},
				"south": {"uv": [5.75, 0, 5, 0.25], "texture": "#0"},
				"west": {"uv": [1.75, 5, 1.5, 5.25], "texture": "#0"},
				"up": {"uv": [5.25, 0.5, 5, 1.25], "rotation": 90, "texture": "#0"},
				"down": {"uv": [1.25, 5.75, 1, 5], "rotation": 270, "texture": "#0"}
			}
		},
		{
			"from": [8.25, 25.75, 7.5],
			"to": [11.25, 26.5, 8.5],
			"rotation": {"angle": 17.5, "axis": "z", "origin": [9, 27, 7]},
			"faces": {
				"north": {"uv": [4.75, 4.25, 5.5, 4.5], "texture": "#0"},
				"east": {"uv": [1.25, 5, 1.5, 5.25], "texture": "#0"},
				"south": {"uv": [3.75, 4.75, 4.5, 5], "texture": "#0"},
				"west": {"uv": [5, 1.25, 5.25, 1.5], "texture": "#0"},
				"up": {"uv": [4.75, 5.5, 4.5, 4.75], "rotation": 90, "texture": "#0"},
				"down": {"uv": [5, 4.5, 4.75, 5.25], "rotation": 270, "texture": "#0"}
			}
		},
		{
			"from": [9.35, 25.95, 7.7],
			"to": [12.35, 26.5, 8.3],
			"rotation": {"x": 0, "y": 0, "z": 102.5, "origin": [10.1, 27, 7]},
			"faces": {
				"north": {"uv": [5, 0.25, 5.75, 0.5], "texture": "#0"},
				"east": {"uv": [1.5, 5, 1.75, 5.25], "texture": "#0"},
				"south": {"uv": [5, 0, 5.75, 0.25], "texture": "#0"},
				"west": {"uv": [5, 1.5, 5.25, 1.75], "texture": "#0"},
				"up": {"uv": [5.25, 1.25, 5, 0.5], "rotation": 90, "texture": "#0"},
				"down": {"uv": [1.25, 5, 1, 5.75], "rotation": 270, "texture": "#0"}
			}
		},
		{
			"from": [7, 30, 7],
			"to": [9, 32, 9],
			"rotation": {"angle": 0, "axis": "y", "origin": [7, 32, 7]},
			"faces": {
				"north": {"uv": [4.5, 0.5, 5, 1], "texture": "#0"},
				"east": {"uv": [1, 4.5, 1.5, 5], "texture": "#0"},
				"south": {"uv": [4.5, 1, 5, 1.5], "texture": "#0"},
				"west": {"uv": [1.5, 4.5, 2, 5], "texture": "#0"},
				"up": {"uv": [5, 2, 4.5, 1.5], "texture": "#0"},
				"down": {"uv": [2.5, 4.5, 2, 5], "texture": "#0"}
			}
		},
		{
			"from": [8.25, 16, 6.5],
			"to": [11.25, 24, 9.5],
			"rotation": {"angle": 0, "axis": "y", "origin": [8.75, 22, 7]},
			"faces": {
				"north": {"uv": [2.25, 0, 3, 2], "texture": "#0"},
				"east": {"uv": [2.25, 2, 3, 4], "texture": "#0"},
				"south": {"uv": [1, 2.5, 1.75, 4.5], "texture": "#0"},
				"west": {"uv": [3, 0, 3.75, 2], "texture": "#0"},
				"up": {"uv": [3.75, 2.75, 3, 2], "texture": "#0"},
				"down": {"uv": [3.75, 2.75, 3, 3.5], "texture": "#0"}
			}
		},
		{
			"from": [11.25, 19.25, 6.75],
			"to": [11.5, 21.75, 9.25],
			"rotation": {"angle": 0, "axis": "y", "origin": [8.75, 22, 7]},
			"faces": {
				"north": {"uv": [4.75, 2.75, 5, 3.5], "texture": "#0"},
				"east": {"uv": [3.75, 0.75, 4.5, 1.5], "texture": "#0"},
				"south": {"uv": [3.25, 4.75, 3.5, 5.5], "texture": "#0"},
				"west": {"uv": [3.75, 1.5, 4.5, 2.25], "texture": "#0"},
				"up": {"uv": [3.75, 5.5, 3.5, 4.75], "texture": "#0"},
				"down": {"uv": [5, 3.5, 4.75, 4.25], "texture": "#0"}
			}
		},
		{
			"from": [8.15, 17, 6.4],
			"to": [11.35, 18, 9.6],
			"rotation": {"angle": 0, "axis": "y", "origin": [8.75, 22, 7]},
			"faces": {
				"north": {"uv": [4.5, 2, 5.25, 2.25], "texture": "#0"},
				"east": {"uv": [4.75, 2.25, 5.5, 2.5], "texture": "#0"},
				"south": {"uv": [2.5, 4.75, 3.25, 5], "texture": "#0"},
				"west": {"uv": [4.75, 2.5, 5.5, 2.75], "texture": "#0"},
				"up": {"uv": [3.75, 4.25, 3, 3.5], "texture": "#0"},
				"down": {"uv": [4.5, 0, 3.75, 0.75], "texture": "#0"}
			}
		},
		{
			"from": [8.15, 22, 6.4],
			"to": [11.35, 23, 9.6],
			"rotation": {"angle": 0, "axis": "y", "origin": [8.75, 27, 7]},
			"faces": {
				"north": {"uv": [4.5, 2, 5.25, 2.25], "texture": "#0"},
				"east": {"uv": [4.75, 2.25, 5.5, 2.5], "texture": "#0"},
				"south": {"uv": [2.5, 4.75, 3.25, 5], "texture": "#0"},
				"west": {"uv": [4.75, 2.5, 5.5, 2.75], "texture": "#0"},
				"up": {"uv": [3.75, 4.25, 3, 3.5], "texture": "#0"},
				"down": {"uv": [4.5, 0, 3.75, 0.75], "texture": "#0"}
			}
		},
		{
			"from": [7.25, -16, 7.25],
			"to": [8.75, -14, 8.75],
			"rotation": {"angle": 0, "axis": "y", "origin": [7, -16, 7]},
			"faces": {
				"north": {"uv": [3.75, 3.75, 4.25, 4.25], "texture": "#0"},
				"east": {"uv": [1.75, 4, 2.25, 4.5], "texture": "#0"},
				"south": {"uv": [2.25, 4, 2.75, 4.5], "texture": "#0"},
				"west": {"uv": [4.25, 2.25, 4.75, 2.75], "texture": "#0"},
				"up": {"uv": [3.25, 4.75, 2.75, 4.25], "texture": "#0"},
				"down": {"uv": [4.75, 2.75, 4.25, 3.25], "texture": "#0"}
			}
		},
		{
			"from": [7.15, -16, 5.5],
			"to": [7.15, -11, 10.5],
			"rotation": {"angle": 7.5, "axis": "x", "origin": [7.15, -13.5, 8]},
			"faces": {
				"north": {"uv": [0, 0, 0, 1.25], "texture": "#0"},
				"east": {"uv": [1, 1.25, 2.25, 2.5], "texture": "#0"},
				"south": {"uv": [0, 0, 0, 1.25], "texture": "#0"},
				"west": {"uv": [2.25, 1.25, 1, 2.5], "texture": "#0"},
				"up": {"uv": [0, 1.25, 0, 0], "texture": "#0"},
				"down": {"uv": [0, 0, 0, 1.25], "texture": "#0"}
			}
		},
		{
			"from": [8.85, -16, 5.5],
			"to": [8.85, -11, 10.5],
			"rotation": {"angle": 42.5, "axis": "x", "origin": [8.85, -13.5, 8]},
			"faces": {
				"north": {"uv": [0, 0, 0, 1.25], "texture": "#0"},
				"east": {"uv": [2.25, 1.25, 1, 2.5], "texture": "#0"},
				"south": {"uv": [0, 0, 0, 1.25], "texture": "#0"},
				"west": {"uv": [2.25, 1.25, 1, 2.5], "texture": "#0"},
				"up": {"uv": [0, 1.25, 0, 0], "texture": "#0"},
				"down": {"uv": [0, 0, 0, 1.25], "texture": "#0"}
			}
		},
		{
			"from": [8.6, 11, 5.5],
			"to": [8.6, 16, 10.5],
			"rotation": {"angle": -22.5, "axis": "x", "origin": [8.6, 13.5, 8]},
			"faces": {
				"north": {"uv": [0, 0, 0, 1.25], "texture": "#0"},
				"east": {"uv": [2.25, 1.25, 1, 2.5], "texture": "#0"},
				"south": {"uv": [0, 0, 0, 1.25], "texture": "#0"},
				"west": {"uv": [2.25, 1.25, 1, 2.5], "texture": "#0"},
				"up": {"uv": [0, 1.25, 0, 0], "texture": "#0"},
				"down": {"uv": [0, 0, 0, 1.25], "texture": "#0"}
			}
		},
		{
			"from": [5.6, 19, 7],
			"to": [10.6, 24, 7],
			"rotation": {"angle": 22.5, "axis": "z", "origin": [8.1, 21.5, 7]},
			"faces": {
				"north": {"uv": [2.25, 1.25, 1, 2.5], "texture": "#0"},
				"east": {"uv": [0, 0, 0, 1.25], "texture": "#0"},
				"south": {"uv": [2.25, 1.25, 1, 2.5], "texture": "#0"},
				"west": {"uv": [0, 0, 0, 1.25], "texture": "#0"},
				"up": {"uv": [0, 1.25, 0, 0], "rotation": 90, "texture": "#0"},
				"down": {"uv": [0, 0, 0, 1.25], "rotation": 270, "texture": "#0"}
			}
		}
	],
	"display": {
		"thirdperson_righthand": {
			"rotation": [-0.31, -0.41, 9.92],
			"translation": [0, -1.25, 1.25]
		},
		"thirdperson_lefthand": {
			"rotation": [179.76, 8.12, 166.15],
			"translation": [0, 0, 1]
		},
		"firstperson_righthand": {
			"rotation": [-26.63, 1.76, 8.56],
			"translation": [0, -1.75, 3]
		},
		"firstperson_lefthand": {
			"rotation": [-26.63, 1.76, 8.56],
			"translation": [0, -1.75, 3]
		},
		"ground": {
			"translation": [0, 14.75, 0]
		},
		"gui": {
			"rotation": [15.72, 34.09, 44.39],
			"scale": [0.5, 0.5, 0.5]
		},
		"fixed": {
			"rotation": [0, 53.75, 0],
			"translation": [0, 0, -1.75],
			"scale": [2, 2, 2]
		},
		"on_shelf": {
			"rotation": [2.95, -14.03, -29.45]
		}
	}
}