{
	"format_version": "1.21.11",
	"credit": "Made with Blockbench",
	"texture_size": [64, 64],
	"textures": {
		"0": "item/cool_shades",
		"particle": "item/cool_shades"
	},
	"elements": [
		{
			"from": [-0.5, 0, 0],
			"to": [18.5, 5, 21],
			"rotation": {"angle": 0, "axis": "y", "origin": [-2.5, 0, 0]},
			"faces": {
				"north": {"uv": [5.25, 0, 10, 1.25], "texture": "#0"},
				"east": {"uv": [5.25, 1.25, 10, 2.5], "texture": "#0"},
				"south": {"uv": [5.25, 2.5, 10, 3.75], "texture": "#0"},
				"west": {"uv": [5.25, 3.75, 10, 5], "texture": "#0"},
				"up": {"uv": [4.75, 5.25, 0, 0], "texture": "#0"},
				"down": {"uv": [4.75, 5.25, 0, 10.5], "texture": "#0"}
			}
		}
	],
	"display": {
		"head": {
			"translation": [-0.75, 4.25, -1.25],
			"scale": [0.75, 0.75, 0.75]
		}
	}
}