{
	"format_version": "1.21.11",
	"credit": "Made with Blockbench",
	"textures": {
		"0": "item/crapple",
		"particle": "item/crapple"
	},
	"elements": [
		{
			"name": "Golden_Apple_JE2_BE2_0",
			"from": [9, 13, 0],
			"to": [10, 15, 1],
			"faces": {
				"north": {"uv": [10, 1, 9, 3], "texture": "#0"},
				"east": {"uv": [9.9, 1, 10, 3], "texture": "#0"},
				"south": {"uv": [9, 1, 10, 3], "texture": "#0"},
				"west": {"uv": [9, 1, 9.1, 3], "texture": "#0"},
				"up": {"uv": [9, 1, 10, 1.1], "texture": "#0"},
				"down": {"uv": [9, 2.9, 10, 3], "texture": "#0"}
			}
		},
		{
			"name": "Golden_Apple_JE2_BE2_1",
			"from": [8, 1, 0],
			"to": [9, 14, 1],
			"faces": {
				"north": {"uv": [9, 2, 8, 15], "texture": "#0"},
				"east": {"uv": [8.9, 2, 9, 15], "texture": "#0"},
				"south": {"uv": [8, 2, 9, 15], "texture": "#0"},
				"west": {"uv": [8, 2, 8.1, 15], "texture": "#0"},
				"up": {"uv": [8, 2, 9, 2.1], "texture": "#0"},
				"down": {"uv": [8, 14.9, 9, 15], "texture": "#0"}
			}
		},
		{
			"name": "Golden_Apple_JE2_BE2_2",
			"from": [5, 1, 0],
			"to": [8, 12, 1],
			"faces": {
				"north": {"uv": [8, 4, 5, 15], "texture": "#0"},
				"east": {"uv": [7.9, 4, 8, 15], "texture": "#0"},
				"south": {"uv": [5, 4, 8, 15], "texture": "#0"},
				"west": {"uv": [5, 4, 5.1, 15], "texture": "#0"},
				"up": {"uv": [5, 4, 8, 4.1], "texture": "#0"},
				"down": {"uv": [5, 14.9, 8, 15], "texture": "#0"}
			}
		},
		{
			"name": "Golden_Apple_JE2_BE2_3",
			"from": [9, 1, 0],
			"to": [11, 12, 1],
			"faces": {
				"north": {"uv": [11, 4, 9, 15], "texture": "#0"},
				"east": {"uv": [10.9, 4, 11, 15], "texture": "#0"},
				"south": {"uv": [9, 4, 11, 15], "texture": "#0"},
				"west": {"uv": [9, 4, 9.1, 15], "texture": "#0"},
				"up": {"uv": [9, 4, 11, 4.1], "texture": "#0"},
				"down": {"uv": [9, 14.9, 11, 15], "texture": "#0"}
			}
		},
		{
			"name": "Golden_Apple_JE2_BE2_4",
			"from": [3, 3, 0],
			"to": [5, 11, 1],
			"faces": {
				"north": {"uv": [5, 5, 3, 13], "texture": "#0"},
				"east": {"uv": [4.9, 5, 5, 13], "texture": "#0"},
				"south": {"uv": [3, 5, 5, 13], "texture": "#0"},
				"west": {"uv": [3, 5, 3.1, 13], "texture": "#0"},
				"up": {"uv": [3, 5, 5, 5.1], "texture": "#0"},
				"down": {"uv": [3, 12.9, 5, 13], "texture": "#0"}
			}
		},
		{
			"name": "Golden_Apple_JE2_BE2_5",
			"from": [11, 3, 0],
			"to": [13, 11, 1],
			"faces": {
				"north": {"uv": [13, 5, 11, 13], "texture": "#0"},
				"east": {"uv": [12.9, 5, 13, 13], "texture": "#0"},
				"south": {"uv": [11, 5, 13, 13], "texture": "#0"},
				"west": {"uv": [11, 5, 11.1, 13], "texture": "#0"},
				"up": {"uv": [11, 5, 13, 5.1], "texture": "#0"},
				"down": {"uv": [11, 12.9, 13, 13], "texture": "#0"}
			}
		},
		{
			"name": "Golden_Apple_JE2_BE2_6",
			"from": [2, 5, 0],
			"to": [3, 10, 1],
			"faces": {
				"north": {"uv": [3, 6, 2, 11], "texture": "#0"},
				"east": {"uv": [2.9, 6, 3, 11], "texture": "#0"},
				"south": {"uv": [2, 6, 3, 11], "texture": "#0"},
				"west": {"uv": [2, 6, 2.1, 11], "texture": "#0"},
				"up": {"uv": [2, 6, 3, 6.1], "texture": "#0"},
				"down": {"uv": [2, 10.9, 3, 11], "texture": "#0"}
			}
		},
		{
			"name": "Golden_Apple_JE2_BE2_7",
			"from": [13, 5, 0],
			"to": [14, 10, 1],
			"faces": {
				"north": {"uv": [14, 6, 13, 11], "texture": "#0"},
				"east": {"uv": [13.9, 6, 14, 11], "texture": "#0"},
				"south": {"uv": [13, 6, 14, 11], "texture": "#0"},
				"west": {"uv": [13, 6, 13.1, 11], "texture": "#0"},
				"up": {"uv": [13, 6, 14, 6.1], "texture": "#0"},
				"down": {"uv": [13, 10.9, 14, 11], "texture": "#0"}
			}
		},
		{
			"name": "Golden_Apple_JE2_BE2_8",
			"from": [4, 2, 0],
			"to": [5, 3, 1],
			"faces": {
				"north": {"uv": [5, 13, 4, 14], "texture": "#0"},
				"east": {"uv": [4.9, 13, 5, 14], "texture": "#0"},
				"south": {"uv": [4, 13, 5, 14], "texture": "#0"},
				"west": {"uv": [4, 13, 4.1, 14], "texture": "#0"},
				"up": {"uv": [4, 13, 5, 13.1], "texture": "#0"},
				"down": {"uv": [4, 13.9, 5, 14], "texture": "#0"}
			}
		},
		{
			"name": "Golden_Apple_JE2_BE2_9",
			"from": [11, 2, 0],
			"to": [12, 3, 1],
			"faces": {
				"north": {"uv": [12, 13, 11, 14], "texture": "#0"},
				"east": {"uv": [11.9, 13, 12, 14], "texture": "#0"},
				"south": {"uv": [11, 13, 12, 14], "texture": "#0"},
				"west": {"uv": [11, 13, 11.1, 14], "texture": "#0"},
				"up": {"uv": [11, 13, 12, 13.1], "texture": "#0"},
				"down": {"uv": [11, 13.9, 12, 14], "texture": "#0"}
			}
		}
	],
	"display": {
		"thirdperson_righthand": {
			"rotation": [12.04, -50.43, -6.1],
			"translation": [-2.5, -0.75, 1.75],
			"scale": [0.4, 0.4, 0.4]
		},
		"thirdperson_lefthand": {
			"rotation": [12.04, -50.43, -6.1],
			"translation": [-2.5, -0.75, 1.75],
			"scale": [0.4, 0.4, 0.4]
		},
		"firstperson_righthand": {
			"rotation": [-13, -29.75, 0]
		},
		"firstperson_lefthand": {
			"rotation": [-13, -29.75, 0],
			"translation": [5.25, 1.25, 0],
			"scale": [0.8, 0.8, 0.8]
		},
		"ground": {
			"translation": [0, 3, 8.25]
		},
		"head": {
			"translation": [0, 0, 1]
		},
		"fixed": {
			"translation": [0, 0, 7.25]
		},
		"on_shelf": {
			"translation": [0, 0, 5]
		}
	},
	"groups": [
		{
			"name": "apple",
			"origin": [8, 8, 8],
			"color": 0,
			"children": [0, 1, 2, 3, 4, 5, 6, 7, 8, 9]
		}
	]
}