{
	"format_version": "1.21.11",
	"credit": "Made with Blockbench",
	"texture_size": [32, 32],
	"textures": {
		"0": "item/crosure",
		"particle": "item/crosure"
	},
	"elements": [
		{
			"from": [7.35, -15, 7.35],
			"to": [8.65, 15, 8.65],
			"rotation": {"angle": 0, "axis": "y", "origin": [7, 0, 7]},
			"faces": {
				"north": {"uv": [0, 0, 0.5, 15], "texture": "#0"},
				"east": {"uv": [0.5, 0, 1, 15], "texture": "#0"},
				"south": {"uv": [1, 0, 1.5, 15], "texture": "#0"},
				"west": {"uv": [1.5, 0, 2, 15], "texture": "#0"},
				"up": {"uv": [7, 2.5, 6.5, 2], "texture": "#0"},
				"down": {"uv": [4.5, 8, 4, 8.5], "texture": "#0"}
			}
		},
		{
			"from": [7.1, -16, 7.1],
			"to": [8.9, -14.2, 8.9],
			"rotation": {"angle": 0, "axis": "y", "origin": [7, 0, 7]},
			"faces": {
				"north": {"uv": [3.5, 7, 4.5, 8], "texture": "#0"},
				"east": {"uv": [7, 5, 8, 6], "texture": "#0"},
				"south": {"uv": [7, 6, 8, 7], "texture": "#0"},
				"west": {"uv": [7, 7, 8, 8], "texture": "#0"},
				"up": {"uv": [8.5, 1, 7.5, 0], "texture": "#0"},
				"down": {"uv": [8.5, 1, 7.5, 2], "texture": "#0"}
			}
		},
		{
			"from": [7, 15, 7],
			"to": [9, 16, 9],
			"rotation": {"angle": 0, "axis": "y", "origin": [7, 0, 7]},
			"faces": {
				"north": {"uv": [7.5, 3, 8.5, 3.5], "texture": "#0"},
				"east": {"uv": [7.5, 3.5, 8.5, 4], "texture": "#0"},
				"south": {"uv": [7.5, 4, 8.5, 4.5], "texture": "#0"},
				"west": {"uv": [7.5, 4.5, 8.5, 5], "texture": "#0"},
				"up": {"uv": [3.5, 7, 2.5, 6], "texture": "#0"},
				"down": {"uv": [7, 2.5, 6, 3.5], "texture": "#0"}
			}
		},
		{
			"from": [7.25, 16, 7.25],
			"to": [8.75, 18, 8.75],
			"rotation": {"angle": 0, "axis": "y", "origin": [9, 1, 7]},
			"faces": {
				"north": {"uv": [3.5, 6, 4.5, 7], "texture": "#0"},
				"east": {"uv": [6, 3.5, 7, 4.5], "texture": "#0"},
				"south": {"uv": [6, 4.5, 7, 5.5], "texture": "#0"},
				"west": {"uv": [6, 5.5, 7, 6.5], "texture": "#0"},
				"up": {"uv": [7.5, 1, 6.5, 0], "texture": "#0"},
				"down": {"uv": [7.5, 1, 6.5, 2], "texture": "#0"}
			}
		},
		{
			"from": [7.25, 19.2, 10.85],
			"to": [8.75, 24.8, 12.35],
			"rotation": {"angle": 0, "axis": "y", "origin": [9, 4.2, 10.6]},
			"faces": {
				"north": {"uv": [2, 3, 3, 6], "texture": "#0"},
				"east": {"uv": [3, 3, 4, 6], "texture": "#0"},
				"south": {"uv": [4, 0, 5, 3], "texture": "#0"},
				"west": {"uv": [4, 3, 5, 6], "texture": "#0"},
				"up": {"uv": [7, 7.5, 6, 6.5], "texture": "#0"},
				"down": {"uv": [8, 2, 7, 3], "texture": "#0"}
			}
		},
		{
			"from": [7.35, 16.85, 7.75],
			"to": [8.65, 21.85, 9.25],
			"rotation": {"x": 60, "y": 0, "z": 0, "origin": [8, 17.85, 8.5]},
			"faces": {
				"north": {"uv": [6, 0, 6.5, 2.5], "texture": "#0"},
				"east": {"uv": [5, 0, 6, 2.5], "texture": "#0"},
				"south": {"uv": [2, 6, 2.5, 8.5], "texture": "#0"},
				"west": {"uv": [5, 2.5, 6, 5], "texture": "#0"},
				"up": {"uv": [6.5, 8.5, 6, 7.5], "texture": "#0"},
				"down": {"uv": [7, 7.5, 6.5, 8.5], "texture": "#0"}
			}
		},
		{
			"from": [7.35, 22.15, 7.75],
			"to": [8.65, 28.15, 9.25],
			"rotation": {"x": -60, "y": 0, "z": 0, "origin": [8, 26.15, 8.5]},
			"faces": {
				"north": {"uv": [5, 5, 5.5, 8], "texture": "#0"},
				"east": {"uv": [2, 0, 3, 3], "texture": "#0"},
				"south": {"uv": [5.5, 5, 6, 8], "texture": "#0"},
				"west": {"uv": [3, 0, 4, 3], "texture": "#0"},
				"up": {"uv": [8.5, 3, 8, 2], "texture": "#0"},
				"down": {"uv": [4, 8, 3.5, 9], "texture": "#0"}
			}
		},
		{
			"from": [7.45, 21.05, 3.75],
			"to": [8.55, 25.05, 4.85],
			"rotation": {"x": -122.5, "y": 0, "z": 0, "origin": [8, 25.05, 4.2]},
			"faces": {
				"north": {"uv": [4.5, 6, 5, 8], "texture": "#0"},
				"east": {"uv": [2.5, 7, 3, 9], "texture": "#0"},
				"south": {"uv": [3, 7, 3.5, 9], "texture": "#0"},
				"west": {"uv": [7, 3, 7.5, 5], "texture": "#0"},
				"up": {"uv": [5, 8.5, 4.5, 8], "texture": "#0"},
				"down": {"uv": [5.5, 8, 5, 8.5], "texture": "#0"}
			}
		}
	],
	"display": {
		"thirdperson_righthand": {
			"rotation": [60.82, -13.4, -1.57],
			"translation": [0.25, 3.25, 9.25]
		},
		"thirdperson_lefthand": {
			"rotation": [60.82, -13.4, -1.57],
			"translation": [0.25, 3.25, 9.25]
		},
		"firstperson_righthand": {
			"rotation": [-5.5, 24, 0],
			"translation": [0, -4.75, 0]
		},
		"firstperson_lefthand": {
			"rotation": [-5.5, 24, 0],
			"translation": [0, -4.75, 0]
		},
		"ground": {
			"translation": [0, 21.5, 0]
		},
		"gui": {
			"rotation": [-37, 34, 43],
			"translation": [0, -1.25, 0],
			"scale": [0.5, 0.5, 0.5]
		},
		"head": {
			"rotation": [110.58, 83.59, -110.47]
		},
		"fixed": {
			"rotation": [0, -90, 0],
			"translation": [0, 0, -0.75],
			"scale": [2.5, 2.5, 2.5]
		},
		"on_shelf": {
			"rotation": [22.69, -71.42, 41.83],
			"translation": [0, -1.75, 1.5]
		}
	}
}