{
	"format_version": "1.21.11",
	"credit": "Made with Blockbench",
	"texture_size": [64, 64],
	"textures": {
		"0": "item/deep_crown",
		"particle": "item/deep_crown"
	},
	"elements": [
		{
			"from": [1, 0, 1],
			"to": [15, 2, 15],
			"rotation": {"angle": 0, "axis": "y", "origin": [7, 0, 1]},
			"faces": {
				"north": {"uv": [10.5, 1, 14, 1.5], "texture": "#0"},
				"east": {"uv": [10.5, 1.5, 14, 2], "texture": "#0"},
				"south": {"uv": [10.5, 2, 14, 2.5], "texture": "#0"},
				"west": {"uv": [10.5, 2.5, 14, 3], "texture": "#0"},
				"up": {"uv": [3.5, 3.5, 0, 0], "texture": "#0"},
				"down": {"uv": [3.5, 3.5, 0, 7], "texture": "#0"}
			}
		},
		{
			"from": [1.25, -2, 1.25],
			"to": [14.75, 5, 14.75],
			"rotation": {"angle": 0, "axis": "y", "origin": [7, 0, 1]},
			"faces": {
				"north": {"uv": [3.5, 7, 7, 8.75], "texture": "#0"},
				"east": {"uv": [7, 3.5, 10.5, 5.25], "texture": "#0"},
				"south": {"uv": [7, 5.25, 10.5, 7], "texture": "#0"},
				"west": {"uv": [7, 7, 10.5, 8.75], "texture": "#0"},
				"up": {"uv": [3.5, 10.5, 0, 7], "texture": "#0"},
				"down": {"uv": [10.5, 0, 7, 3.5], "texture": "#0"}
			}
		},
		{
			"from": [0.9, -3.25, 0.9],
			"to": [15.1, 0.75, 15.1],
			"rotation": {"angle": 0, "axis": "y", "origin": [7, -3.25, 1]},
			"faces": {
				"north": {"uv": [7, 8.75, 10.5, 9.75], "texture": "#0"},
				"east": {"uv": [7, 9.75, 10.5, 10.75], "texture": "#0"},
				"south": {"uv": [0, 10.5, 3.5, 11.5], "texture": "#0"},
				"west": {"uv": [10.5, 0, 14, 1], "texture": "#0"},
				"up": {"uv": [7, 3.5, 3.5, 0], "texture": "#0"},
				"down": {"uv": [7, 3.5, 3.5, 7], "texture": "#0"}
			}
		},
		{
			"from": [7.25, 1.5, 0.75],
			"to": [8.75, 3.75, 1.75],
			"rotation": {"angle": 0, "axis": "y", "origin": [7, 1.5, 0.75]},
			"faces": {
				"north": {"uv": [10.5, 3, 11, 3.5], "texture": "#0"},
				"east": {"uv": [10.5, 4, 10.75, 4.5], "texture": "#0"},
				"south": {"uv": [10.5, 3.5, 11, 4], "texture": "#0"},
				"west": {"uv": [10.5, 4.5, 10.75, 5], "texture": "#0"},
				"up": {"uv": [11, 5.25, 10.5, 5], "texture": "#0"},
				"down": {"uv": [11, 5.25, 10.5, 5.5], "texture": "#0"}
			}
		},
		{
			"from": [14.5, -0.25, 7.25],
			"to": [15.5, 1.75, 8.5],
			"rotation": {"angle": 0, "axis": "y", "origin": [15.5, -0.25, 7]},
			"faces": {
				"north": {"uv": [10.5, 7, 10.75, 7.5], "texture": "#0"},
				"east": {"uv": [10.5, 5.5, 10.75, 6], "texture": "#0"},
				"south": {"uv": [10.5, 6, 10.75, 6.5], "texture": "#0"},
				"west": {"uv": [10.5, 6.5, 10.75, 7], "texture": "#0"},
				"up": {"uv": [10.75, 9.75, 10.5, 9.5], "rotation": 90, "texture": "#0"},
				"down": {"uv": [10.75, 9.75, 10.5, 10], "rotation": 270, "texture": "#0"}
			}
		},
		{
			"from": [0.5, -0.25, 7.25],
			"to": [1.5, 1.75, 8.5],
			"rotation": {"angle": 0, "axis": "y", "origin": [1.5, -0.25, 7]},
			"faces": {
				"north": {"uv": [10.5, 9, 10.75, 9.5], "texture": "#0"},
				"east": {"uv": [10.5, 7.5, 10.75, 8], "texture": "#0"},
				"south": {"uv": [10.5, 8, 10.75, 8.5], "texture": "#0"},
				"west": {"uv": [10.5, 8.5, 10.75, 9], "texture": "#0"},
				"up": {"uv": [10.75, 10.25, 10.5, 10], "rotation": 90, "texture": "#0"},
				"down": {"uv": [10.75, 10.25, 10.5, 10.5], "rotation": 270, "texture": "#0"}
			}
		},
		{
			"from": [1.25, 3, 9],
			"to": [1.25, 14, 16],
			"rotation": {"x": 17.45744, "y": -0.65182, "z": 7.47178, "origin": [1.25, 3, 9]},
			"faces": {
				"north": {"uv": [0, 0, 0, 2.75], "texture": "#0"},
				"east": {"uv": [7, 8.75, 5.25, 11.5], "texture": "#0"},
				"south": {"uv": [0, 0, 0, 2.75], "texture": "#0"},
				"west": {"uv": [5.25, 8.75, 7, 11.5], "texture": "#0"},
				"up": {"uv": [0, 1.75, 0, 0], "texture": "#0"},
				"down": {"uv": [0, 0, 0, 1.75], "texture": "#0"}
			}
		},
		{
			"from": [1.25, 1, 1],
			"to": [1.25, 12, 8],
			"rotation": {"x": 7.45744, "y": -0.65182, "z": 7.47178, "origin": [1.25, 1, 1]},
			"faces": {
				"north": {"uv": [0, 0, 0, 2.75], "texture": "#0"},
				"east": {"uv": [7, 8.75, 5.25, 11.5], "texture": "#0"},
				"south": {"uv": [0, 0, 0, 2.75], "texture": "#0"},
				"west": {"uv": [5.25, 8.75, 7, 11.5], "texture": "#0"},
				"up": {"uv": [0, 1.75, 0, 0], "texture": "#0"},
				"down": {"uv": [0, 0, 0, 1.75], "texture": "#0"}
			}
		},
		{
			"from": [14.75, 1, 1],
			"to": [14.75, 12, 8],
			"rotation": {"x": 7.45744, "y": 0.65182, "z": -7.47178, "origin": [14.75, 1, 1]},
			"faces": {
				"north": {"uv": [0, 0, 0, 2.75], "texture": "#0"},
				"east": {"uv": [7, 8.75, 5.25, 11.5], "texture": "#0"},
				"south": {"uv": [0, 0, 0, 2.75], "texture": "#0"},
				"west": {"uv": [5.25, 8.75, 7, 11.5], "texture": "#0"},
				"up": {"uv": [0, 1.75, 0, 0], "texture": "#0"},
				"down": {"uv": [0, 0, 0, 1.75], "texture": "#0"}
			}
		},
		{
			"from": [14.75, 3, 9],
			"to": [14.75, 14, 16],
			"rotation": {"x": 17.45744, "y": 0.65182, "z": -7.47178, "origin": [14.75, 3, 9]},
			"faces": {
				"north": {"uv": [0, 0, 0, 2.75], "texture": "#0"},
				"east": {"uv": [7, 8.75, 5.25, 11.5], "texture": "#0"},
				"south": {"uv": [0, 0, 0, 2.75], "texture": "#0"},
				"west": {"uv": [5.25, 8.75, 7, 11.5], "texture": "#0"},
				"up": {"uv": [0, 1.75, 0, 0], "texture": "#0"},
				"down": {"uv": [0, 0, 0, 1.75], "texture": "#0"}
			}
		}
	],
	"display": {
		"thirdperson_righthand": {
			"rotation": [38.24, 3.52, 8.55],
			"translation": [0, -0.5, 0],
			"scale": [0.2, 0.2, 0.2]
		},
		"thirdperson_lefthand": {
			"rotation": [38.24, 3.52, 8.55],
			"translation": [0, -0.5, 0],
			"scale": [0.2, 0.2, 0.2]
		},
		"firstperson_righthand": {
			"rotation": [-6.97, 16.92, 22.77],
			"translation": [0, 6, 4]
		},
		"firstperson_lefthand": {
			"rotation": [-6.97, 16.92, 22.77],
			"translation": [0, 6, 4]
		},
		"ground": {
			"translation": [0, 6.5, 0]
		},
		"gui": {
			"rotation": [158.23, 29.9, -168.75],
			"translation": [0, 1.75, 0],
			"scale": [0.8, 0.8, 0.8]
		},
		"head": {
			"rotation": [1.25, 0, 1.25],
			"translation": [-0.25, 11.5, 0.25],
			"scale": [1.1, 1.1, 1.1]
		},
		"fixed": {
			"rotation": [-78.5, 0, 0],
			"translation": [0, 0, -8.75]
		},
		"on_shelf": {
			"rotation": [150.32, -48.26, 156.96],
			"scale": [0.8, 0.8, 0.8]
		}
	}
}