{
	"format_version": "1.21.11",
	"credit": "Made with Blockbench",
	"texture_size": [64, 64],
	"textures": {
		"0": "item/emporer_helm",
		"particle": "item/emporer_helm"
	},
	"elements": [
		{
			"from": [2, 1, 3],
			"to": [14, 13.5, 14],
			"rotation": {"angle": 5, "axis": "x", "origin": [7, 0, 8]},
			"faces": {
				"north": {"uv": [0, 5, 3, 8.25], "texture": "#0"},
				"east": {"uv": [6, 5, 8.75, 8.25], "texture": "#0"},
				"south": {"uv": [3, 5, 6, 8.25], "texture": "#0"},
				"west": {"uv": [0, 8.25, 2.75, 11.5], "texture": "#0"},
				"up": {"uv": [5.75, 11, 2.75, 8.25], "texture": "#0"},
				"down": {"uv": [8.75, 8.25, 5.75, 11], "texture": "#0"}
			}
		},
		{
			"from": [2.1, 13.0079, 4.10933],
			"to": [8.15, 14.5079, 15.10933],
			"rotation": {"x": 4.92442, "y": -0.86717, "z": 9.96271, "origin": [8.1, 13.7579, 9.60933]},
			"faces": {
				"north": {"uv": [1.25, 11.5, 2.75, 12], "texture": "#0"},
				"east": {"uv": [3.5, 11, 6.25, 11.5], "texture": "#0"},
				"south": {"uv": [11.5, 1.5, 13, 2], "texture": "#0"},
				"west": {"uv": [6.25, 11, 9, 11.5], "texture": "#0"},
				"up": {"uv": [10.25, 8.25, 8.75, 5.5], "texture": "#0"},
				"down": {"uv": [10.25, 8.25, 8.75, 11], "texture": "#0"}
			}
		},
		{
			"from": [7.85, 13.0079, 4.10933],
			"to": [13.9, 14.5079, 15.10933],
			"rotation": {"x": 4.92442, "y": 0.86717, "z": -9.96271, "origin": [7.9, 13.7579, 9.60933]},
			"faces": {
				"north": {"uv": [2.75, 11.5, 1.25, 12], "texture": "#0"},
				"east": {"uv": [9, 11, 6.25, 11.5], "texture": "#0"},
				"south": {"uv": [13, 1.5, 11.5, 2], "texture": "#0"},
				"west": {"uv": [6.25, 11, 3.5, 11.5], "texture": "#0"},
				"up": {"uv": [8.75, 8.25, 10.25, 5.5], "texture": "#0"},
				"down": {"uv": [8.75, 8.25, 10.25, 11], "texture": "#0"}
			}
		},
		{
			"from": [2, 14.12413, -1.93867],
			"to": [14, 14.12413, 9.06133],
			"rotation": {"angle": -5, "axis": "x", "origin": [8, 14.12413, 3.56133]},
			"faces": {
				"north": {"uv": [0, 0, 3, 0], "texture": "#0"},
				"east": {"uv": [0, 0, 2.75, 0], "texture": "#0"},
				"south": {"uv": [0, 0, 3, 0], "texture": "#0"},
				"west": {"uv": [0, 0, 2.75, 0], "texture": "#0"},
				"up": {"uv": [11.5, 2.75, 8.5, 0], "texture": "#0"},
				"down": {"uv": [8.5, 0, 11.5, 2.75], "texture": "#0"}
			}
		},
		{
			"from": [3.2, 4, 1.25],
			"to": [9.35, 14, 4.25],
			"rotation": {"x": -2.58807, "y": 14.98539, "z": -0.66963, "origin": [8, 0, 6.25]},
			"faces": {
				"north": {"uv": [10.25, 5.5, 11.75, 8], "texture": "#0"},
				"east": {"uv": [10.25, 10.5, 11, 13], "texture": "#0"},
				"south": {"uv": [10.25, 8, 11.75, 10.5], "texture": "#0"},
				"west": {"uv": [2.75, 11, 3.5, 13.5], "texture": "#0"},
				"up": {"uv": [12.5, 11.25, 11, 10.5], "texture": "#0"},
				"down": {"uv": [12.5, 11.25, 11, 12], "texture": "#0"}
			}
		},
		{
			"from": [3.29338, 3.05314, 1.70583],
			"to": [8.44338, 4.05314, 4.70583],
			"rotation": {"x": -10.08807, "y": 14.98539, "z": -0.66963, "origin": [6.63532, 2.05457, 3.14263]},
			"faces": {
				"north": {"uv": [7.25, 11.5, 8.5, 11.75], "texture": "#0"},
				"east": {"uv": [11.75, 4, 12.5, 4.25], "texture": "#0"},
				"south": {"uv": [11.75, 2.75, 13, 3], "texture": "#0"},
				"west": {"uv": [11.75, 4.25, 12.5, 4.5], "texture": "#0"},
				"up": {"uv": [10.25, 11.75, 9, 11], "texture": "#0"},
				"down": {"uv": [1.25, 11.5, 0, 12.25], "texture": "#0"}
			}
		},
		{
			"from": [4.30467, 2.05409, 1.6637],
			"to": [8.45467, 3.05409, 4.6637],
			"rotation": {"x": -10.08807, "y": 14.98539, "z": -0.66963, "origin": [6.63532, 2.05457, 3.14263]},
			"faces": {
				"north": {"uv": [11.75, 3, 12.75, 3.25], "texture": "#0"},
				"east": {"uv": [11.75, 4.5, 12.5, 4.75], "texture": "#0"},
				"south": {"uv": [11.75, 3.25, 12.75, 3.5], "texture": "#0"},
				"west": {"uv": [11.75, 4.75, 12.5, 5], "texture": "#0"},
				"up": {"uv": [12.5, 0.75, 11.5, 0], "texture": "#0"},
				"down": {"uv": [12.5, 0.75, 11.5, 1.5], "texture": "#0"}
			}
		},
		{
			"from": [5.32148, 1.407, 1.81047],
			"to": [8.47148, 2.407, 4.81047],
			"rotation": {"x": -20.08807, "y": 14.98539, "z": -0.66963, "origin": [7.15213, 1.40747, 3.2894]},
			"faces": {
				"north": {"uv": [11.75, 5, 12.5, 5.25], "texture": "#0"},
				"east": {"uv": [11.75, 5.25, 12.5, 5.5], "texture": "#0"},
				"south": {"uv": [11.75, 5.5, 12.5, 5.75], "texture": "#0"},
				"west": {"uv": [11.75, 5.75, 12.5, 6], "texture": "#0"},
				"up": {"uv": [12.25, 2.75, 11.5, 2], "texture": "#0"},
				"down": {"uv": [4.25, 11.5, 3.5, 12.25], "texture": "#0"}
			}
		},
		{
			"from": [6.33277, 0.40795, 1.76833],
			"to": [8.48277, 1.40795, 4.76833],
			"rotation": {"x": -20.08807, "y": 14.98539, "z": -0.66963, "origin": [7.15213, 1.40747, 3.2894]},
			"faces": {
				"north": {"uv": [11.75, 6.5, 12.25, 6.75], "texture": "#0"},
				"east": {"uv": [11.75, 6, 12.5, 6.25], "texture": "#0"},
				"south": {"uv": [11.75, 6.75, 12.25, 7], "texture": "#0"},
				"west": {"uv": [11.75, 6.25, 12.5, 6.5], "texture": "#0"},
				"up": {"uv": [6.75, 12.25, 6.25, 11.5], "texture": "#0"},
				"down": {"uv": [7.25, 11.5, 6.75, 12.25], "texture": "#0"}
			}
		},
		{
			"from": [6.65, 4, 1.25],
			"to": [12.8, 14, 4.25],
			"rotation": {"x": -2.58807, "y": -14.98539, "z": 0.66963, "origin": [8, 0, 6.25]},
			"faces": {
				"north": {"uv": [11.75, 5.5, 10.25, 8], "texture": "#0"},
				"east": {"uv": [3.5, 11, 2.75, 13.5], "texture": "#0"},
				"south": {"uv": [11.75, 8, 10.25, 10.5], "texture": "#0"},
				"west": {"uv": [11, 10.5, 10.25, 13], "texture": "#0"},
				"up": {"uv": [11, 11.25, 12.5, 10.5], "texture": "#0"},
				"down": {"uv": [11, 11.25, 12.5, 12], "texture": "#0"}
			}
		},
		{
			"from": [7.55662, 3.05314, 1.70583],
			"to": [12.70662, 4.05314, 4.70583],
			"rotation": {"x": -10.08807, "y": -14.98539, "z": 0.66963, "origin": [9.36468, 2.05457, 3.14263]},
			"faces": {
				"north": {"uv": [8.5, 11.5, 7.25, 11.75], "texture": "#0"},
				"east": {"uv": [12.5, 4.25, 11.75, 4.5], "texture": "#0"},
				"south": {"uv": [13, 2.75, 11.75, 3], "texture": "#0"},
				"west": {"uv": [12.5, 4, 11.75, 4.25], "texture": "#0"},
				"up": {"uv": [9, 11.75, 10.25, 11], "texture": "#0"},
				"down": {"uv": [0, 11.5, 1.25, 12.25], "texture": "#0"}
			}
		},
		{
			"from": [7.54533, 2.05409, 1.6637],
			"to": [11.69533, 3.05409, 4.6637],
			"rotation": {"x": -10.08807, "y": -14.98539, "z": 0.66963, "origin": [9.36468, 2.05457, 3.14263]},
			"faces": {
				"north": {"uv": [12.75, 3, 11.75, 3.25], "texture": "#0"},
				"east": {"uv": [12.5, 4.75, 11.75, 5], "texture": "#0"},
				"south": {"uv": [12.75, 3.25, 11.75, 3.5], "texture": "#0"},
				"west": {"uv": [12.5, 4.5, 11.75, 4.75], "texture": "#0"},
				"up": {"uv": [11.5, 0.75, 12.5, 0], "texture": "#0"},
				"down": {"uv": [11.5, 0.75, 12.5, 1.5], "texture": "#0"}
			}
		},
		{
			"from": [7.52852, 1.407, 1.81047],
			"to": [10.67852, 2.407, 4.81047],
			"rotation": {"x": -20.08807, "y": -14.98539, "z": 0.66963, "origin": [8.84787, 1.40747, 3.2894]},
			"faces": {
				"north": {"uv": [12.5, 5, 11.75, 5.25], "texture": "#0"},
				"east": {"uv": [12.5, 5.75, 11.75, 6], "texture": "#0"},
				"south": {"uv": [12.5, 5.5, 11.75, 5.75], "texture": "#0"},
				"west": {"uv": [12.5, 5.25, 11.75, 5.5], "texture": "#0"},
				"up": {"uv": [11.5, 2.75, 12.25, 2], "texture": "#0"},
				"down": {"uv": [3.5, 11.5, 4.25, 12.25], "texture": "#0"}
			}
		},
		{
			"from": [7.51723, 0.40795, 1.76833],
			"to": [9.66723, 1.40795, 4.76833],
			"rotation": {"x": -20.08807, "y": -14.98539, "z": 0.66963, "origin": [8.84787, 1.40747, 3.2894]},
			"faces": {
				"north": {"uv": [12.25, 6.5, 11.75, 6.75], "texture": "#0"},
				"east": {"uv": [12.5, 6.25, 11.75, 6.5], "texture": "#0"},
				"south": {"uv": [12.25, 6.75, 11.75, 7], "texture": "#0"},
				"west": {"uv": [12.5, 6, 11.75, 6.25], "texture": "#0"},
				"up": {"uv": [6.25, 12.25, 6.75, 11.5], "texture": "#0"},
				"down": {"uv": [6.75, 11.5, 7.25, 12.25], "texture": "#0"}
			}
		},
		{
			"from": [2, 10.5, 8],
			"to": [4, 14.5, 10],
			"rotation": {"x": 14.83045, "y": 1.29256, "z": 27.55452, "origin": [2, 10.5, 8]},
			"faces": {
				"north": {"uv": [4.25, 11.5, 4.75, 12.5], "texture": "#0"},
				"east": {"uv": [4.75, 11.5, 5.25, 12.5], "texture": "#0"},
				"south": {"uv": [5.25, 11.5, 5.75, 12.5], "texture": "#0"},
				"west": {"uv": [5.75, 11.5, 6.25, 12.5], "texture": "#0"},
				"up": {"uv": [9, 12, 8.5, 11.5], "texture": "#0"},
				"down": {"uv": [12.25, 3.5, 11.75, 4], "texture": "#0"}
			}
		},
		{
			"from": [12, 10.5, 8],
			"to": [14, 14.5, 10],
			"rotation": {"x": 14.83045, "y": -1.29256, "z": -27.55452, "origin": [14, 10.5, 8]},
			"faces": {
				"north": {"uv": [4.75, 11.5, 4.25, 12.5], "texture": "#0"},
				"east": {"uv": [6.25, 11.5, 5.75, 12.5], "texture": "#0"},
				"south": {"uv": [5.75, 11.5, 5.25, 12.5], "texture": "#0"},
				"west": {"uv": [5.25, 11.5, 4.75, 12.5], "texture": "#0"},
				"up": {"uv": [8.5, 12, 9, 11.5], "texture": "#0"},
				"down": {"uv": [11.75, 3.5, 12.25, 4], "texture": "#0"}
			}
		},
		{
			"from": [-3, 10.5, 9],
			"to": [14, 30.5, 9],
			"rotation": {"x": 14.83045, "y": 1.29256, "z": 27.55452, "origin": [2, 10.5, 8]},
			"faces": {
				"north": {"uv": [0, 0, 4.25, 5], "texture": "#0"},
				"east": {"uv": [0, 0, 0, 5], "texture": "#0"},
				"south": {"uv": [4.25, 0, 0, 5], "texture": "#0"},
				"west": {"uv": [0, 0, 0, 5], "texture": "#0"},
				"up": {"uv": [4.25, 0, 0, 0], "texture": "#0"},
				"down": {"uv": [4.25, 0, 0, 0], "texture": "#0"}
			}
		},
		{
			"from": [2, 10.5, 9],
			"to": [19, 30.5, 9],
			"rotation": {"x": 14.83045, "y": -1.29256, "z": -27.55452, "origin": [14, 10.5, 8]},
			"faces": {
				"north": {"uv": [4.25, 0, 0, 5], "texture": "#0"},
				"east": {"uv": [0, 0, 0, 5], "texture": "#0"},
				"south": {"uv": [0, 0, 4.25, 5], "texture": "#0"},
				"west": {"uv": [0, 0, 0, 5], "texture": "#0"},
				"up": {"uv": [0, 0, 4.25, 0], "texture": "#0"},
				"down": {"uv": [0, 0, 4.25, 0], "texture": "#0"}
			}
		},
		{
			"from": [1.5, 13, 1.5],
			"to": [14.5, 16, 15.25],
			"rotation": {"angle": 5, "axis": "x", "origin": [1, 13, 1.5]},
			"faces": {
				"north": {"uv": [12.5, 6.75, 16, 7.5], "texture": "#0"},
				"east": {"uv": [12.5, 8.25, 16, 9], "texture": "#0"},
				"south": {"uv": [12.5, 7.5, 16, 8.25], "texture": "#0"},
				"west": {"uv": [16, 8.25, 12.5, 9], "texture": "#0"},
				"up": {"uv": [12.5, 12.5, 16, 16], "texture": "#0"},
				"down": {"uv": [12.5, 9, 16, 12.5], "texture": "#0"}
			}
		},
		{
			"from": [1.5, 12, 1.5],
			"to": [14.5, 13, 15.25],
			"rotation": {"angle": 5, "axis": "x", "origin": [1, 13, 1.5]},
			"faces": {
				"north": {"uv": [12.5, 2.25, 16, 2.5], "texture": "#0"},
				"east": {"uv": [12.5, 2.25, 16, 2.5], "texture": "#0"},
				"south": {"uv": [12.5, 2.25, 16, 2.5], "texture": "#0"},
				"west": {"uv": [16, 2.25, 12.5, 2.5], "texture": "#0"},
				"up": {"uv": [5, 12.5, 8.5, 16], "texture": "#0"},
				"down": {"uv": [5, 12.5, 8.5, 16], "texture": "#0"}
			}
		},
		{
			"from": [1.5, 14.95, 1.7],
			"to": [14.5, 17.95, 1.7],
			"rotation": {"angle": -5, "axis": "x", "origin": [1, 14.95, 1.7]},
			"faces": {
				"north": {"uv": [9, 15.25, 12.5, 16], "texture": "#0"},
				"east": {"uv": [3.5625, 0, 3.5625, 0.75], "texture": "#0"},
				"south": {"uv": [12.5, 15.25, 9, 16], "texture": "#0"},
				"west": {"uv": [0.0625, 0, 0.0625, 0.75], "texture": "#0"},
				"up": {"uv": [0, 0.0625, 3.5, 0.0625], "texture": "#0"},
				"down": {"uv": [0, 3.5625, 3.5, 3.5625], "texture": "#0"}
			}
		}
	],
	"display": {
		"thirdperson_righthand": {
			"rotation": [37.23, -12.1, -24.87],
			"translation": [-1.25, -3, -1.5],
			"scale": [0.6, 0.6, 0.6]
		},
		"thirdperson_lefthand": {
			"rotation": [37.23, -12.1, -24.87],
			"translation": [-1.25, -3, -1.5],
			"scale": [0.6, 0.6, 0.6]
		},
		"firstperson_righthand": {
			"rotation": [-28.59, -7.63, 9.55],
			"scale": [0.6, 0.6, 0.6]
		},
		"firstperson_lefthand": {
			"rotation": [-28.59, -7.63, 9.55],
			"scale": [0.6, 0.6, 0.6]
		},
		"ground": {
			"scale": [2, 2, 2]
		},
		"gui": {
			"rotation": [-162.25, -25.5, 168.5],
			"translation": [0, -3.5, 0],
			"scale": [0.5, 0.5, 0.5]
		},
		"head": {
			"translation": [0, 0.25, -1],
			"scale": [1.2, 1.2, 1.2]
		},
		"fixed": {
			"rotation": [-20.75, 0, 0],
			"translation": [0, -2.5, -0.75],
			"scale": [1.2, 1.2, 1.2]
		},
		"on_shelf": {
			"rotation": [-147.75, 0, -180]
		}
	}
}