{
	"format_version": "1.21.11",
	"credit": "Made with Blockbench",
	"texture_size": [64, 64],
	"textures": {
		"0": "item/entia_wings",
		"particle": "item/entia_wings"
	},
	"elements": [
		{
			"from": [-2.31941, 2.54803, 16.61386],
			"to": [-1.31941, 8.54803, 18.61386],
			"rotation": {"x": 178.55864, "y": 58.21359, "z": -162.91877, "origin": [-2.59419, 4.31389, 13.37212]},
			"faces": {
				"north": {"uv": [5, 4.75, 5.25, 6.75], "texture": "#0"},
				"east": {"uv": [6.5, 3, 7.25, 5], "texture": "#0"},
				"south": {"uv": [5.25, 4.75, 5.5, 6.75], "texture": "#0"},
				"west": {"uv": [7.25, 3, 8, 5], "texture": "#0"},
				"up": {"uv": [6, 4.5, 5.75, 3.75], "texture": "#0"},
				"down": {"uv": [7.75, 6, 7.5, 6.75], "texture": "#0"}
			}
		},
		{
			"from": [-2.21755, -1.59065, 12.1471],
			"to": [-1.71755, 10.40935, 15.1471],
			"rotation": {"x": -122.98546, "y": 61.50676, "z": -157.69562, "origin": [-2.59419, 4.31389, 13.37212]},
			"faces": {
				"north": {"uv": [4.5, 3.75, 4.75, 6.75], "texture": "#0"},
				"east": {"uv": [6.5, 0, 7.25, 3], "texture": "#0"},
				"south": {"uv": [4.75, 3.75, 5, 6.75], "texture": "#0"},
				"west": {"uv": [7.25, 0, 8, 3], "texture": "#0"},
				"up": {"uv": [8, 6.75, 7.75, 6], "texture": "#0"},
				"down": {"uv": [6, 4.5, 5.75, 5.25], "texture": "#0"}
			}
		},
		{
			"from": [-2.21755, 1.40935, 11.1471],
			"to": [-1.71755, 8.40935, 12.1471],
			"rotation": {"x": -122.98546, "y": 61.50676, "z": -157.69562, "origin": [-2.59419, 4.31389, 13.37212]},
			"faces": {
				"north": {"uv": [5.5, 2, 5.75, 3.75], "texture": "#0"},
				"east": {"uv": [5.5, 3.75, 5.75, 5.5], "texture": "#0"},
				"south": {"uv": [4.25, 4.75, 4.5, 6.5], "texture": "#0"},
				"west": {"uv": [5.75, 2, 6, 3.75], "texture": "#0"},
				"up": {"uv": [6, 5.5, 5.75, 5.25], "texture": "#0"},
				"down": {"uv": [6, 5.5, 5.75, 5.75], "texture": "#0"}
			}
		},
		{
			"from": [-2.96755, -15.66617, 1.82678],
			"to": [-2.96755, 11.33383, 19.82678],
			"rotation": {"x": -137.07678, "y": 61.95025, "z": -161.19058, "origin": [-3.59419, 3.31389, 13.87212]},
			"faces": {
				"north": {"uv": [0, 0, 0, 4.75], "texture": "#0"},
				"east": {"uv": [4, 7, 8, 14], "texture": "#0"},
				"south": {"uv": [0, 0, 0, 4.75], "texture": "#0"},
				"west": {"uv": [4, 7, 0, 14], "texture": "#0"},
				"up": {"uv": [0, 2.75, 0, 0], "texture": "#0"},
				"down": {"uv": [0, 0, 0, 2.75], "texture": "#0"}
			}
		},
		{
			"from": [-1.96755, -14.66617, 1.32678],
			"to": [-1.96755, 12.33383, 19.32678],
			"rotation": {"x": -127.98546, "y": 61.50676, "z": -157.69562, "origin": [-2.59419, 4.31389, 13.37212]},
			"faces": {
				"north": {"uv": [0, 0, 0, 4.75], "texture": "#0"},
				"east": {"uv": [0, 0, 4, 7], "texture": "#0"},
				"south": {"uv": [0, 0, 0, 4.75], "texture": "#0"},
				"west": {"uv": [4, 0, 0, 7], "texture": "#0"},
				"up": {"uv": [0, 2.75, 0, 0], "texture": "#0"},
				"down": {"uv": [0, 0, 0, 2.75], "texture": "#0"}
			}
		},
		{
			"from": [0.31413, -1.33577, 12.37299],
			"to": [2.06413, 2.66423, 13.37299],
			"rotation": {"x": -4.44183, "y": 39.37189, "z": 34.13526, "origin": [-2.59419, 4.31389, 12.62212]},
			"faces": {
				"north": {"uv": [5.5, 0, 6, 1], "texture": "#0"},
				"east": {"uv": [6.5, 5, 7.25, 6], "texture": "#0"},
				"south": {"uv": [5.5, 1, 6, 2], "texture": "#0"},
				"west": {"uv": [7.25, 5, 8, 6], "texture": "#0"},
				"up": {"uv": [7, 6.75, 6.5, 6], "texture": "#0"},
				"down": {"uv": [7.5, 6, 7, 6.75], "texture": "#0"}
			}
		},
		{
			"from": [16.31941, 2.54803, 16.61386],
			"to": [17.31941, 8.54803, 18.61386],
			"rotation": {"x": 178.55864, "y": -58.21359, "z": 162.91877, "origin": [17.59419, 4.31389, 13.37212]},
			"faces": {
				"north": {"uv": [5.25, 4.75, 5, 6.75], "texture": "#0"},
				"east": {"uv": [8, 3, 7.25, 5], "texture": "#0"},
				"south": {"uv": [5.5, 4.75, 5.25, 6.75], "texture": "#0"},
				"west": {"uv": [7.25, 3, 6.5, 5], "texture": "#0"},
				"up": {"uv": [5.75, 4.5, 6, 3.75], "texture": "#0"},
				"down": {"uv": [7.5, 6, 7.75, 6.75], "texture": "#0"}
			}
		},
		{
			"from": [16.71755, -1.59065, 12.1471],
			"to": [17.21755, 10.40935, 15.1471],
			"rotation": {"x": -122.98546, "y": -61.50676, "z": 157.69562, "origin": [17.59419, 4.31389, 13.37212]},
			"faces": {
				"north": {"uv": [4.75, 3.75, 4.5, 6.75], "texture": "#0"},
				"east": {"uv": [8, 0, 7.25, 3], "texture": "#0"},
				"south": {"uv": [5, 3.75, 4.75, 6.75], "texture": "#0"},
				"west": {"uv": [7.25, 0, 6.5, 3], "texture": "#0"},
				"up": {"uv": [7.75, 6.75, 8, 6], "texture": "#0"},
				"down": {"uv": [5.75, 4.5, 6, 5.25], "texture": "#0"}
			}
		},
		{
			"from": [16.71755, 1.40935, 11.1471],
			"to": [17.21755, 8.40935, 12.1471],
			"rotation": {"x": -122.98546, "y": -61.50676, "z": 157.69562, "origin": [17.59419, 4.31389, 13.37212]},
			"faces": {
				"north": {"uv": [5.75, 2, 5.5, 3.75], "texture": "#0"},
				"east": {"uv": [6, 2, 5.75, 3.75], "texture": "#0"},
				"south": {"uv": [4.5, 4.75, 4.25, 6.5], "texture": "#0"},
				"west": {"uv": [5.75, 3.75, 5.5, 5.5], "texture": "#0"},
				"up": {"uv": [5.75, 5.5, 6, 5.25], "texture": "#0"},
				"down": {"uv": [5.75, 5.5, 6, 5.75], "texture": "#0"}
			}
		},
		{
			"from": [17.96755, -15.66617, 1.82678],
			"to": [17.96755, 11.33383, 19.82678],
			"rotation": {"x": -137.07678, "y": -61.95025, "z": 161.19058, "origin": [18.59419, 3.31389, 13.87212]},
			"faces": {
				"north": {"uv": [0, 0, 0, 4.75], "texture": "#0"},
				"east": {"uv": [0, 7, 4, 14], "texture": "#0"},
				"south": {"uv": [0, 0, 0, 4.75], "texture": "#0"},
				"west": {"uv": [8, 7, 4, 14], "texture": "#0"},
				"up": {"uv": [0, 2.75, 0, 0], "texture": "#0"},
				"down": {"uv": [0, 0, 0, 2.75], "texture": "#0"}
			}
		},
		{
			"from": [16.96755, -14.66617, 1.32678],
			"to": [16.96755, 12.33383, 19.32678],
			"rotation": {"x": -127.98546, "y": -61.50676, "z": 157.69562, "origin": [17.59419, 4.31389, 13.37212]},
			"faces": {
				"north": {"uv": [0, 0, 0, 4.75], "texture": "#0"},
				"east": {"uv": [0, 0, 4, 7], "texture": "#0"},
				"south": {"uv": [0, 0, 0, 4.75], "texture": "#0"},
				"west": {"uv": [4, 0, 0, 7], "texture": "#0"},
				"up": {"uv": [0, 2.75, 0, 0], "texture": "#0"},
				"down": {"uv": [0, 0, 0, 2.75], "texture": "#0"}
			}
		},
		{
			"from": [12.93587, -1.33577, 12.37299],
			"to": [14.68587, 2.66423, 13.37299],
			"rotation": {"x": -4.44183, "y": -39.37189, "z": -34.13526, "origin": [17.59419, 4.31389, 12.62212]},
			"faces": {
				"north": {"uv": [6, 0, 5.5, 1], "texture": "#0"},
				"east": {"uv": [8, 5, 7.25, 6], "texture": "#0"},
				"south": {"uv": [6, 1, 5.5, 2], "texture": "#0"},
				"west": {"uv": [7.25, 5, 6.5, 6], "texture": "#0"},
				"up": {"uv": [6.5, 6.75, 7, 6], "texture": "#0"},
				"down": {"uv": [7, 6, 7.5, 6.75], "texture": "#0"}
			}
		}
	],
	"display": {
		"thirdperson_righthand": {
			"translation": [0, 4, 0]
		},
		"firstperson_righthand": {
			"translation": [4, 9.25, -5.5]
		},
		"firstperson_lefthand": {
			"translation": [4, 9.25, -5.5]
		},
		"ground": {
			"translation": [0, 6.75, 0]
		},
		"gui": {
			"translation": [0.25, 2.75, 0],
			"scale": [0.5, 0.5, 0.5]
		},
		"head": {
			"translation": [0.5, 8.25, -0.5]
		},
		"fixed": {
			"rotation": [0, -180, 0],
			"translation": [0, 2.75, 2.25]
		},
		"on_shelf": {
			"scale": [0.7, 0.7, 0.7]
		}
	}
}