{
	"format_version": "1.21.6",
	"credit": "Made with Blockbench",
	"texture_size": [32, 32],
	"textures": {
		"0": "item/gauntlet",
		"particle": "#0"
	},
	
	"elements": [
		{
			"from": [5.6, 0, 5.6],
			"to": [10.4, 4, 10.4],
			"rotation": {"angle": 0, "axis": "y", "origin": [6, 0, 6]},
			"faces": {
				"north": {"uv": [4.5, 7.5, 7, 9.5], "texture": "#0"},
				"east": {"uv": [7, 7.5, 9.5, 9.5], "texture": "#0"},
				"south": {"uv": [8.5, 0, 11, 2], "texture": "#0"},
				"west": {"uv": [9.5, 2, 12, 4], "texture": "#0"},
				"up": {"uv": [8.5, 2.5, 6, 0], "texture": "#0"},
				"down": {"uv": [9.5, 2.5, 7, 5], "texture": "#0"}
			}
		},
		{
			"from": [7.7, -0.1, 5.5],
			"to": [10.5, 3.9, 10.5],
			"rotation": {"angle": 0, "axis": "y", "origin": [6.1, 0, 6]},
			"faces": {
				"north": {"uv": [8.5, 11.5, 10, 13.5], "texture": "#0"},
				"east": {"uv": [9.5, 6.5, 12, 8.5], "texture": "#0"},
				"south": {"uv": [1.5, 12, 3, 14], "texture": "#0"},
				"west": {"uv": [8.5, 9.5, 11, 11.5], "texture": "#0"},
				"up": {"uv": [1.5, 14, 0, 11.5], "texture": "#0"},
				"down": {"uv": [13, 4, 11.5, 6.5], "texture": "#0"}
			}
		},
		{
			"from": [5.6, 11.5, 5.6],
			"to": [10.4, 13.5, 10.4],
			"rotation": {"angle": -10, "axis": "z", "origin": [6, 9.5, 6]},
			"faces": {
				"north": {"uv": [12, 2, 14.5, 3], "texture": "#0"},
				"east": {"uv": [3, 12, 5.5, 13], "texture": "#0"},
				"south": {"uv": [12, 3, 14.5, 4], "texture": "#0"},
				"west": {"uv": [5.5, 12, 8, 13], "texture": "#0"},
				"up": {"uv": [9.5, 7.5, 7, 5], "texture": "#0"},
				"down": {"uv": [4.5, 7.5, 2, 10], "texture": "#0"}
			}
		},
		{
			"from": [5.85, 11.5, 5.85],
			"to": [10.15, 13.5, 10.15],
			"rotation": {"angle": 10, "axis": "z", "origin": [6, 9.5, 6]},
			"faces": {
				"north": {"uv": [12, 6.5, 14, 7.5], "texture": "#0"},
				"east": {"uv": [12, 7.5, 14, 8.5], "texture": "#0"},
				"south": {"uv": [10, 12.5, 12, 13.5], "texture": "#0"},
				"west": {"uv": [12, 12.5, 14, 13.5], "texture": "#0"},
				"up": {"uv": [13, 10.5, 11, 8.5], "texture": "#0"},
				"down": {"uv": [13, 10.5, 11, 12.5], "texture": "#0"}
			}
		},
		{
			"from": [5.6, 6.5, 5.6],
			"to": [9.4, 7.5, 10.4],
			"rotation": {"angle": 0, "axis": "y", "origin": [6, 6.5, 6]},
			"faces": {
				"north": {"uv": [13, 4, 15, 4.5], "texture": "#0"},
				"east": {"uv": [13, 0, 15.5, 0.5], "texture": "#0"},
				"south": {"uv": [4.5, 13, 6.5, 13.5], "texture": "#0"},
				"west": {"uv": [13, 0.5, 15.5, 1], "texture": "#0"},
				"up": {"uv": [2, 11.5, 0, 9], "texture": "#0"},
				"down": {"uv": [11.5, 4, 9.5, 6.5], "texture": "#0"}
			}
		},
		{
			"from": [9.1, 5.5, 5.7],
			"to": [10.4, 11.5, 10.3],
			"rotation": {"angle": 0, "axis": "y", "origin": [7, 6.5, 6]},
			"faces": {
				"north": {"uv": [8, 12, 8.5, 15], "texture": "#0"},
				"east": {"uv": [2, 4.5, 4.5, 7.5], "texture": "#0"},
				"south": {"uv": [3, 13, 3.5, 16], "texture": "#0"},
				"west": {"uv": [4.5, 4.5, 7, 7.5], "texture": "#0"},
				"up": {"uv": [4, 15.5, 3.5, 13], "texture": "#0"},
				"down": {"uv": [4.5, 13, 4, 15.5], "texture": "#0"}
			}
		},
		{
			"from": [5.6, 9, 5.6],
			"to": [9.4, 10, 10.4],
			"rotation": {"angle": 0, "axis": "y", "origin": [6, 9, 6]},
			"faces": {
				"north": {"uv": [13, 4.5, 15, 5], "texture": "#0"},
				"east": {"uv": [13, 1, 15.5, 1.5], "texture": "#0"},
				"south": {"uv": [13, 5, 15, 5.5], "texture": "#0"},
				"west": {"uv": [13, 1.5, 15.5, 2], "texture": "#0"},
				"up": {"uv": [6.5, 12, 4.5, 9.5], "texture": "#0"},
				"down": {"uv": [8.5, 9.5, 6.5, 12], "texture": "#0"}
			}
		},
		{
			"from": [5.8, 3, 5.8],
			"to": [10.2, 12, 10.2],
			"rotation": {"angle": 0, "axis": "y", "origin": [6, 9, 6]},
			"faces": {
				"north": {"uv": [0, 0, 2, 4.5], "texture": "#0"},
				"east": {"uv": [2, 0, 4, 4.5], "texture": "#0"},
				"south": {"uv": [4, 0, 6, 4.5], "texture": "#0"},
				"west": {"uv": [0, 4.5, 2, 9], "texture": "#0"},
				"up": {"uv": [4, 12, 2, 10], "texture": "#0"},
				"down": {"uv": [13, 0, 11, 2], "texture": "#0"}
			}
		}
	],
	 "overrides": [
    {
      "predicate": {
        "lefthanded": 1
      },
      "model": "item/buddy"
   	 }
  	],
	"display": {
		"thirdperson_righthand": {
			"rotation": [90, 0, 0],
			"translation": [0, -2, 7.75]
		},
		"thirdperson_lefthand": {
			"rotation": [90, -180, 0],
			"translation": [0, -2, 7.75]
		},
		"firstperson_righthand": {
			"rotation": [112, -6, -9],
			"translation": [1.25, -1.5, 4.5]
		},
		"firstperson_lefthand": {
			"rotation": [120, -128, 2],
			"translation": [1.25, -1.5, 4.5]
		},
		"gui": {
			"rotation": [-119.56, 38.58, -54.06],
			"translation": [0.5, -0.75, 0]
		},
		"head": {
			"translation": [0, 0, -0.5]
		}
	}
	
	
}