{
	"format_version": "1.21.11",
	"credit": "Made with Blockbench",
	"texture_size": [32, 32],
	"textures": {
		"0": "item/green",
		"particle": "item/green"
	},
	"elements": [
		{
			"name": "pole",
			"from": [7.49, -3.01, 7.49],
			"to": [8.51, 28.01, 8.51],
			"rotation": {"x": 0, "y": 90, "z": 0, "origin": [8, 10.95, 8]},
			"faces": {
				"north": {"uv": [0.5, 0.5, 1, 16], "texture": "#0"},
				"east": {"uv": [0, 0.5, 0.5, 16], "texture": "#0"},
				"south": {"uv": [1.5, 0.5, 2, 16], "texture": "#0"},
				"west": {"uv": [1, 0.5, 1.5, 16], "texture": "#0"},
				"up": {"uv": [1, 0.5, 0.5, 0], "texture": "#0"},
				"down": {"uv": [1.5, 0, 1, 0.5], "texture": "#0"}
			}
		},
		{
			"name": "pole",
			"from": [7.29, 14.99, 7.29],
			"to": [8.71, 16.01, 8.71],
			"rotation": {"x": 0, "y": 90, "z": 0, "origin": [8, 10.95, 8]},
			"faces": {
				"north": {"uv": [0.5, 7, 1, 7.5], "texture": "#0"},
				"east": {"uv": [0, 7, 0.5, 7.5], "texture": "#0"},
				"south": {"uv": [1.5, 7, 2, 7.5], "texture": "#0"},
				"west": {"uv": [1, 7, 1.5, 7.5], "texture": "#0"},
				"up": {"uv": [1, 7, 0.5, 6.5], "texture": "#0"},
				"down": {"uv": [1.5, 6.5, 1, 7], "texture": "#0"}
			}
		},
		{
			"name": "pole",
			"from": [7.29, -4.01, 7.29],
			"to": [8.71, -2.99, 8.71],
			"rotation": {"x": 0, "y": 90, "z": 0, "origin": [8, 10.95, 8]},
			"faces": {
				"north": {"uv": [0.5, 15.5, 1, 16], "texture": "#0"},
				"east": {"uv": [0, 15.5, 0.5, 16], "texture": "#0"},
				"south": {"uv": [1.5, 15.5, 2, 16], "texture": "#0"},
				"west": {"uv": [1, 15.5, 1.5, 16], "texture": "#0"},
				"up": {"uv": [1, 15.5, 0.5, 15], "texture": "#0"},
				"down": {"uv": [1.5, 15, 1, 15.5], "texture": "#0"}
			}
		},
		{
			"name": "pole",
			"from": [7.54, -5.01, 7.54],
			"to": [8.46, -3.99, 8.46],
			"rotation": {"x": 0, "y": 90, "z": 0, "origin": [8, 10.95, 8]},
			"faces": {
				"north": {"uv": [1, 15.5, 1, 16], "texture": "#0"},
				"east": {"uv": [1, 15.5, 1, 16], "texture": "#0"},
				"south": {"uv": [1, 15.5, 1, 16], "texture": "#0"},
				"west": {"uv": [1, 15.5, 1, 16], "texture": "#0"},
				"up": {"uv": [1, 15.5, 1, 15.5], "texture": "#0"},
				"down": {"uv": [1, 15.5, 1, 15.5], "texture": "#0"}
			}
		},
		{
			"name": "pole",
			"from": [7.79, -6.01, 7.79],
			"to": [8.21, -4.99, 8.21],
			"rotation": {"x": 0, "y": 90, "z": 0, "origin": [8, 10.95, 8]},
			"faces": {
				"north": {"uv": [1, 15.5, 1, 16], "texture": "#0"},
				"east": {"uv": [1, 15.5, 1, 16], "texture": "#0"},
				"south": {"uv": [1, 15.5, 1, 16], "texture": "#0"},
				"west": {"uv": [1, 15.5, 1, 16], "texture": "#0"},
				"up": {"uv": [1, 15.5, 1, 15.5], "texture": "#0"},
				"down": {"uv": [1, 15.5, 1, 15.5], "texture": "#0"}
			}
		},
		{
			"name": "pole",
			"from": [7.29, 20.99, 7.29],
			"to": [8.71, 22.01, 8.71],
			"rotation": {"x": 0, "y": 90, "z": 0, "origin": [8, 10.95, 8]},
			"faces": {
				"north": {"uv": [0.5, 3.5, 1, 4], "texture": "#0"},
				"east": {"uv": [0, 3.5, 0.5, 4], "texture": "#0"},
				"south": {"uv": [1.5, 3.5, 2, 4], "texture": "#0"},
				"west": {"uv": [1, 3.5, 1.5, 4], "texture": "#0"},
				"up": {"uv": [1, 3.5, 0.5, 3], "texture": "#0"},
				"down": {"uv": [1.5, 3, 1, 3.5], "texture": "#0"}
			}
		},
		{
			"name": "pole",
			"from": [6.3, 22, 7.5],
			"to": [9.7, 24, 8.5],
			"rotation": {"x": 0, "y": 90, "z": 0, "origin": [8, 10.95, 8]},
			"faces": {
				"north": {"uv": [2.5, 0.5, 4, 1.5], "texture": "#0"},
				"east": {"uv": [2, 0.5, 2.5, 1.5], "texture": "#0"},
				"south": {"uv": [4.5, 0.5, 6, 1.5], "texture": "#0"},
				"west": {"uv": [4, 0.5, 4.5, 1.5], "texture": "#0"},
				"up": {"uv": [4, 0.5, 2.5, 0], "texture": "#0"},
				"down": {"uv": [5.5, 0, 4, 0.5], "texture": "#0"}
			}
		},
		{
			"name": "pole",
			"from": [11.2583, 22.67502, 7.55],
			"to": [12.2583, 26.67502, 8.45],
			"rotation": {"x": 90, "y": 82.5, "z": 90, "origin": [8, 10.95, 8]},
			"faces": {
				"north": {"uv": [2.5, 2, 3, 4], "texture": "#0"},
				"east": {"uv": [2.5, 2, 2.5, 4], "texture": "#0"},
				"south": {"uv": [3, 2, 3.5, 4], "texture": "#0"},
				"west": {"uv": [3, 2, 3, 4], "texture": "#0"},
				"up": {"uv": [3, 2, 2.5, 2], "texture": "#0"},
				"down": {"uv": [3.5, 2, 3, 2], "texture": "#0"}
			}
		},
		{
			"name": "pole",
			"from": [3.7417, 22.67502, 7.55],
			"to": [4.7417, 26.67502, 8.45],
			"rotation": {"x": -90, "y": 82.5, "z": -90, "origin": [8, 10.95, 8]},
			"faces": {
				"north": {"uv": [2.5, 2, 3, 4], "texture": "#0"},
				"east": {"uv": [2.5, 2, 2.5, 4], "texture": "#0"},
				"south": {"uv": [3, 2, 3.5, 4], "texture": "#0"},
				"west": {"uv": [3, 2, 3, 4], "texture": "#0"},
				"up": {"uv": [3, 2, 2.5, 2], "texture": "#0"},
				"down": {"uv": [3.5, 2, 3, 2], "texture": "#0"}
			}
		},
		{
			"name": "pole",
			"from": [3.19834, 20.86225, 8],
			"to": [5.19834, 26.86225, 8],
			"rotation": {"x": -90, "y": 82.5, "z": -90, "origin": [8, 10.95, 8]},
			"faces": {
				"north": {"uv": [4, 6, 5, 9], "texture": "#0"},
				"east": {"uv": [4, 6, 4, 9], "texture": "#0"},
				"south": {"uv": [5, 6, 6, 9], "texture": "#0"},
				"west": {"uv": [5, 6, 5, 9], "texture": "#0"},
				"up": {"uv": [5, 6, 4, 6], "texture": "#0"},
				"down": {"uv": [6, 6, 5, 6], "texture": "#0"}
			}
		},
		{
			"name": "pole",
			"from": [10.80166, 20.86225, 8],
			"to": [12.80166, 26.86225, 8],
			"rotation": {"x": 90, "y": 82.5, "z": 90, "origin": [8, 10.95, 8]},
			"faces": {
				"north": {"uv": [5, 6, 4, 9], "texture": "#0"},
				"east": {"uv": [5, 6, 5, 9], "texture": "#0"},
				"south": {"uv": [6, 6, 5, 9], "texture": "#0"},
				"west": {"uv": [4, 6, 4, 9], "texture": "#0"},
				"up": {"uv": [4, 6, 5, 6], "texture": "#0"},
				"down": {"uv": [5, 6, 6, 6], "texture": "#0"}
			}
		},
		{
			"name": "pole",
			"from": [7, 26.4, 8],
			"to": [9, 28.4, 8],
			"rotation": {"x": 0, "y": 90, "z": 0, "origin": [8, 10.95, 8]},
			"faces": {
				"north": {"uv": [7, 6, 6, 7], "texture": "#0"},
				"east": {"uv": [7, 6, 7, 7], "texture": "#0"},
				"south": {"uv": [8, 6, 7, 7], "texture": "#0"},
				"west": {"uv": [6, 6, 6, 7], "texture": "#0"},
				"up": {"uv": [6, 6, 7, 6], "texture": "#0"},
				"down": {"uv": [7, 6, 8, 6], "texture": "#0"}
			}
		}
	],
	"display": {
		"thirdperson_righthand": {
			"translation": [0, -5, 0.75]
		},
		"thirdperson_lefthand": {
			"translation": [0, -5, 0.75]
		},
		"firstperson_righthand": {
			"rotation": [-10, 23, 4],
			"translation": [3.25, -7.25, -1]
		},
		"firstperson_lefthand": {
			"rotation": [-10, 23, 4],
			"translation": [3.25, -7.25, -1]
		},
		"ground": {
			"translation": [0, 10.5, 0]
		},
		"gui": {
			"rotation": [-100.04, 49.42, 131.19],
			"translation": [3.5, -6.5, 0]
		},
		"fixed": {
			"rotation": [0, 90, 0],
			"translation": [0, -10.25, -0.5],
			"scale": [2, 2, 2]
		},
		"on_shelf": {
			"rotation": [48.29, 35.08, -62.88],
			"translation": [0, -2.75, 0]
		}
	},
	"groups": [
		{
			"name": "pole",
			"origin": [8, 24, 8],
			"color": 0,
			"children": [0, 1, 2, 3, 4, 5, 6, 7, 8, 9, 10, 11]
		}
	]
}