{
	"format_version": "1.21.11",
	"credit": "Made with Blockbench",
	"texture_size": [64, 64],
	"textures": {
		"0": "item/j_staff",
		"particle": "item/j_staff"
	},
	"elements": [
		{
			"from": [7.35, -11, 7.35],
			"to": [8.65, 18.5, 8.65],
			"rotation": {"angle": 0, "axis": "y", "origin": [7, 2, 7]},
			"faces": {
				"north": {"uv": [6, 0, 6.25, 7.5], "texture": "#0"},
				"east": {"uv": [6.25, 0, 6.5, 7.5], "texture": "#0"},
				"south": {"uv": [6.5, 0, 6.75, 7.5], "texture": "#0"},
				"west": {"uv": [6.75, 0, 7, 7.5], "texture": "#0"},
				"up": {"uv": [8.5, 0.75, 8.25, 0.5], "texture": "#0"},
				"down": {"uv": [8.5, 0.75, 8.25, 1], "texture": "#0"}
			}
		},
		{
			"from": [1.85, -16, 8.1],
			"to": [8.15, 30.5, 8.1],
			"rotation": {"angle": 0, "axis": "y", "origin": [7.75, 5, 7.75]},
			"faces": {
				"north": {"uv": [1.5, 0, 3, 11.75], "texture": "#0"},
				"east": {"uv": [0, 0, 0, 11.75], "texture": "#0"},
				"south": {"uv": [1.5, 0, 3, 11.75], "texture": "#0"},
				"west": {"uv": [0, 0, 0, 11.75], "texture": "#0"},
				"up": {"uv": [1.5, 0, 0, 0], "texture": "#0"},
				"down": {"uv": [1.5, 0, 0, 0], "texture": "#0"}
			}
		},
		{
			"from": [1.85, -16, 8.1],
			"to": [8.15, 30.5, 8.1],
			"rotation": {"x": 0, "y": 97.5, "z": 0, "origin": [7.75, 5, 7.75]},
			"faces": {
				"north": {"uv": [4.5, 0, 6, 11.75], "texture": "#0"},
				"east": {"uv": [0, 0, 0, 11.75], "texture": "#0"},
				"south": {"uv": [4.5, 0, 6, 11.75], "texture": "#0"},
				"west": {"uv": [0, 0, 0, 11.75], "texture": "#0"},
				"up": {"uv": [1.5, 0, 0, 0], "texture": "#0"},
				"down": {"uv": [1.5, 0, 0, 0], "texture": "#0"}
			}
		},
		{
			"from": [7.1, 18.25, 7.1],
			"to": [8.9, 19, 8.9],
			"rotation": {"angle": 0, "axis": "y", "origin": [7, 2, 7]},
			"faces": {
				"north": {"uv": [8, 3.5, 8.5, 3.75], "texture": "#0"},
				"east": {"uv": [8, 3.75, 8.5, 4], "texture": "#0"},
				"south": {"uv": [8, 4, 8.5, 4.25], "texture": "#0"},
				"west": {"uv": [8, 4.25, 8.5, 4.5], "texture": "#0"},
				"up": {"uv": [8, 7.5, 7.5, 7], "texture": "#0"},
				"down": {"uv": [7.75, 7.5, 7.25, 8], "texture": "#0"}
			}
		},
		{
			"from": [7.4, 19, 7.35],
			"to": [8.65, 26.75, 8.65],
			"rotation": {"angle": 0, "axis": "y", "origin": [7, 2.75, 7]},
			"faces": {
				"north": {"uv": [7.5, 5, 7.75, 7], "texture": "#0"},
				"east": {"uv": [6, 7.5, 6.25, 9.5], "texture": "#0"},
				"south": {"uv": [6.25, 7.5, 6.5, 9.5], "texture": "#0"},
				"west": {"uv": [6.5, 7.5, 6.75, 9.5], "texture": "#0"},
				"up": {"uv": [8.5, 1.25, 8.25, 1], "texture": "#0"},
				"down": {"uv": [8.5, 1.25, 8.25, 1.5], "texture": "#0"}
			}
		},
		{
			"from": [6.65, 20, 6.6],
			"to": [8.4, 24.75, 8.4],
			"rotation": {"angle": 0, "axis": "y", "origin": [6.75, 2.75, 6.75]},
			"faces": {
				"north": {"uv": [7, 0, 7.5, 1.25], "texture": "#0"},
				"east": {"uv": [7, 1.25, 7.5, 2.5], "texture": "#0"},
				"south": {"uv": [7, 2.5, 7.5, 3.75], "texture": "#0"},
				"west": {"uv": [7, 3.75, 7.5, 5], "texture": "#0"},
				"up": {"uv": [8.25, 6.5, 7.75, 6], "texture": "#0"},
				"down": {"uv": [8.25, 6.5, 7.75, 7], "texture": "#0"}
			}
		},
		{
			"from": [7.15, 19.25, 7.6],
			"to": [8.9, 24, 8.9],
			"rotation": {"angle": 0, "axis": "y", "origin": [7.25, 2, 7.75]},
			"faces": {
				"north": {"uv": [7.5, 2.5, 8, 3.75], "texture": "#0"},
				"east": {"uv": [6.75, 7.5, 7, 8.75], "texture": "#0"},
				"south": {"uv": [7.5, 3.75, 8, 5], "texture": "#0"},
				"west": {"uv": [7, 7.5, 7.25, 8.75], "texture": "#0"},
				"up": {"uv": [8.5, 7.5, 8, 7.25], "texture": "#0"},
				"down": {"uv": [8.25, 8, 7.75, 8.25], "texture": "#0"}
			}
		},
		{
			"from": [7.65, 21, 6.95],
			"to": [9.15, 25.75, 8.75],
			"rotation": {"angle": 0, "axis": "y", "origin": [7.5, 3.75, 7.1]},
			"faces": {
				"north": {"uv": [7, 5, 7.5, 6.25], "texture": "#0"},
				"east": {"uv": [7, 6.25, 7.5, 7.5], "texture": "#0"},
				"south": {"uv": [7.5, 0, 8, 1.25], "texture": "#0"},
				"west": {"uv": [7.5, 1.25, 8, 2.5], "texture": "#0"},
				"up": {"uv": [8.25, 8, 7.75, 7.5], "texture": "#0"},
				"down": {"uv": [8.5, 0, 8, 0.5], "texture": "#0"}
			}
		},
		{
			"from": [7.1, -11.25, 7.1],
			"to": [8.9, -10.5, 8.9],
			"rotation": {"angle": 0, "axis": "y", "origin": [7, -27.5, 7]},
			"faces": {
				"north": {"uv": [8, 4.5, 8.5, 4.75], "texture": "#0"},
				"east": {"uv": [8, 4.75, 8.5, 5], "texture": "#0"},
				"south": {"uv": [8, 7, 8.5, 7.25], "texture": "#0"},
				"west": {"uv": [7.25, 8, 7.75, 8.25], "texture": "#0"},
				"up": {"uv": [8.25, 5.5, 7.75, 5], "texture": "#0"},
				"down": {"uv": [8.25, 5.5, 7.75, 6], "texture": "#0"}
			}
		},
		{
			"from": [7.6, -13.25, 7.35],
			"to": [8.4, -10.75, 8.65],
			"rotation": {"angle": 0, "axis": "y", "origin": [7, -27.75, 7]},
			"faces": {
				"north": {"uv": [8, 0.5, 8.25, 1.25], "texture": "#0"},
				"east": {"uv": [8, 1.25, 8.25, 2], "texture": "#0"},
				"south": {"uv": [8, 2, 8.25, 2.75], "texture": "#0"},
				"west": {"uv": [8, 2.75, 8.25, 3.5], "texture": "#0"},
				"up": {"uv": [8.5, 1.75, 8.25, 1.5], "texture": "#0"},
				"down": {"uv": [8.5, 1.75, 8.25, 2], "texture": "#0"}
			}
		},
		{
			"from": [8, -16, 5.35],
			"to": [8, -8.75, 10.65],
			"rotation": {"angle": 0, "axis": "y", "origin": [7, -27.75, 7]},
			"faces": {
				"north": {"uv": [8, 0.5, 8.25, 1.25], "texture": "#0"},
				"east": {"uv": [8.5, 1.25, 9.75, 3], "texture": "#0"},
				"south": {"uv": [8, 2, 8.25, 2.75], "texture": "#0"},
				"west": {"uv": [8.5, 1.25, 9.75, 3], "texture": "#0"},
				"up": {"uv": [8.5, 1.75, 8.25, 1.5], "texture": "#0"},
				"down": {"uv": [8.5, 1.75, 8.25, 2], "texture": "#0"}
			}
		}
	],
	"display": {
		"thirdperson_righthand": {
			"rotation": [-5.1, -8.9, 7.75],
			"translation": [0, 3.75, 0.75],
			"scale": [1.2, 1.2, 1.2]
		},
		"thirdperson_lefthand": {
			"rotation": [-5.1, -8.9, 7.75],
			"translation": [0, 3.75, 0.75],
			"scale": [1.2, 1.2, 1.2]
		},
		"firstperson_righthand": {
			"rotation": [4, -19, 9],
			"translation": [1.5, -5.75, 0]
		},
		"firstperson_lefthand": {
			"rotation": [4, -19, 9],
			"translation": [1.5, -5.75, 0]
		},
		"ground": {
			"translation": [0, 20.25, 0],
			"scale": [1.1, 1.1, 1.1]
		},
		"gui": {
			"rotation": [55.68, -30.27, 48.81],
			"translation": [-1, 0.5, 0],
			"scale": [0.5, 0.5, 0.5]
		},
		"fixed": {
			"rotation": [0, 90, 0],
			"translation": [0, 0, -1.25],
			"scale": [3, 3, 3]
		},
		"on_shelf": {
			"rotation": [-18.25, -82.25, 0],
			"scale": [0.8, 0.8, 0.8]
		}
	}
}