{
	"format_version": "1.21.11",
	"credit": "Made with Blockbench",
	"texture_size": [64, 64],
	"textures": {
		"0": "item/marquis"
	},
	"elements": [
		{
			"name": "Head",
			"from": [3.5, 24, -0.25],
			"to": [11.5, 32, 7.75],
			"rotation": {"x": -27.47561, "y": -3.52198, "z": 0.65793, "origin": [7.25339, 23, 2.07718]},
			"faces": {
				"north": {"uv": [2, 2, 4, 4], "texture": "#0"},
				"east": {"uv": [0, 2, 2, 4], "texture": "#0"},
				"south": {"uv": [6, 2, 8, 4], "texture": "#0"},
				"west": {"uv": [4, 2, 6, 4], "texture": "#0"},
				"up": {"uv": [4, 2, 2, 0], "texture": "#0"},
				"down": {"uv": [6, 0, 4, 2], "texture": "#0"}
			}
		},
		{
			"name": "Hat Layer",
			"from": [3, 23, -0.75],
			"to": [12, 32, 8.25],
			"rotation": {"x": -27.47561, "y": -3.52198, "z": 0.65793, "origin": [7.25339, 23, 2.07718]},
			"faces": {
				"north": {"uv": [10, 2, 12, 4], "texture": "#0"},
				"east": {"uv": [8, 2, 10, 4], "texture": "#0"},
				"south": {"uv": [14, 2, 16, 4], "texture": "#0"},
				"west": {"uv": [12, 2, 14, 4], "texture": "#0"},
				"up": {"uv": [12, 2, 10, 0], "texture": "#0"},
				"down": {"uv": [14, 0, 12, 2], "texture": "#0"}
			}
		},
		{
			"name": "Body",
			"from": [3.5, 12, 1.75],
			"to": [11.5, 24, 5.75],
			"rotation": {"x": -22.5, "y": 0, "z": 5, "origin": [7.25339, 23, 2.07718]},
			"faces": {
				"north": {"uv": [5, 5, 7, 8], "texture": "#0"},
				"east": {"uv": [4, 5, 5, 8], "texture": "#0"},
				"south": {"uv": [8, 5, 10, 8], "texture": "#0"},
				"west": {"uv": [7, 5, 8, 8], "texture": "#0"},
				"up": {"uv": [7, 5, 5, 4], "texture": "#0"},
				"down": {"uv": [9, 4, 7, 5], "texture": "#0"}
			}
		},
		{
			"name": "Body Layer",
			"from": [3.25, 11.75, 1.5],
			"to": [11.75, 24.25, 6],
			"rotation": {"x": -22.5, "y": 0, "z": 5, "origin": [7.25339, 23, 2.07718]},
			"faces": {
				"north": {"uv": [5, 9, 7, 12], "texture": "#0"},
				"east": {"uv": [4, 9, 5, 12], "texture": "#0"},
				"south": {"uv": [8, 9, 10, 12], "texture": "#0"},
				"west": {"uv": [7, 9, 8, 12], "texture": "#0"},
				"up": {"uv": [7, 9, 5, 8], "texture": "#0"},
				"down": {"uv": [9, 8, 7, 9], "texture": "#0"}
			}
		},
		{
			"name": "Right Arm",
			"from": [10.21102, 12.57953, 4.06562],
			"to": [13.21102, 24.57953, 8.06562],
			"rotation": {"x": 48.20691, "y": 0.65053, "z": 36.60233, "origin": [7.25339, 23, 2.07718]},
			"faces": {
				"north": {"uv": [11, 5, 11.75, 8], "texture": "#0"},
				"east": {"uv": [10, 5, 11, 8], "texture": "#0"},
				"south": {"uv": [12.75, 5, 13.5, 8], "texture": "#0"},
				"west": {"uv": [11.75, 5, 12.75, 8], "texture": "#0"},
				"up": {"uv": [11.75, 5, 11, 4], "texture": "#0"},
				"down": {"uv": [12.5, 4, 11.75, 5], "texture": "#0"}
			}
		},
		{
			"name": "Right Arm Layer",
			"from": [9.96102, 12.32953, 3.81562],
			"to": [13.46102, 24.82953, 8.31562],
			"rotation": {"x": 48.20691, "y": 0.65053, "z": 36.60233, "origin": [7.25339, 23, 2.07718]},
			"faces": {
				"north": {"uv": [11, 9, 11.75, 12], "texture": "#0"},
				"east": {"uv": [10, 9, 11, 12], "texture": "#0"},
				"south": {"uv": [12.75, 9, 13.5, 12], "texture": "#0"},
				"west": {"uv": [11.75, 9, 12.75, 12], "texture": "#0"},
				"up": {"uv": [11.75, 9, 11, 8], "texture": "#0"},
				"down": {"uv": [12.5, 8, 11.75, 9], "texture": "#0"}
			}
		},
		{
			"name": "Left Arm",
			"from": [1.23115, 12.05933, 2.88208],
			"to": [4.23115, 24.05933, 6.88208],
			"rotation": {"x": 32.14524, "y": 1.02475, "z": -28.12785, "origin": [7.25339, 23, 2.07718]},
			"faces": {
				"north": {"uv": [11.75, 5, 11, 8], "texture": "#0"},
				"east": {"uv": [12.75, 5, 11.75, 8], "texture": "#0"},
				"south": {"uv": [13.5, 5, 12.75, 8], "texture": "#0"},
				"west": {"uv": [11, 5, 10, 8], "texture": "#0"},
				"up": {"uv": [11, 5, 11.75, 4], "texture": "#0"},
				"down": {"uv": [11.75, 4, 12.5, 5], "texture": "#0"}
			}
		},
		{
			"name": "Left Arm Layer",
			"from": [0.98115, 11.80933, 2.63208],
			"to": [4.48115, 24.30933, 7.13208],
			"rotation": {"x": 32.14524, "y": 1.02475, "z": -28.12785, "origin": [7.25339, 23, 2.07718]},
			"faces": {
				"north": {"uv": [11.75, 9, 11, 12], "texture": "#0"},
				"east": {"uv": [12.75, 9, 11.75, 12], "texture": "#0"},
				"south": {"uv": [13.5, 9, 12.75, 12], "texture": "#0"},
				"west": {"uv": [11, 9, 10, 12], "texture": "#0"},
				"up": {"uv": [11, 9, 11.75, 8], "texture": "#0"},
				"down": {"uv": [11.75, 8, 12.5, 9], "texture": "#0"}
			}
		},
		{
			"name": "Left Leg",
			"from": [7.19148, 7.82323, 0.71777],
			"to": [11.19148, 19.82323, 4.71777],
			"rotation": {"x": 78.46686, "y": -59.44524, "z": 16.21147, "origin": [9.44046, 11.64551, 3.98186]},
			"faces": {
				"north": {"uv": [5, 13, 6, 16], "texture": "#0"},
				"east": {"uv": [4, 13, 5, 16], "texture": "#0"},
				"south": {"uv": [7, 13, 8, 16], "texture": "#0"},
				"west": {"uv": [6, 13, 7, 16], "texture": "#0"},
				"up": {"uv": [6, 13, 5, 12], "texture": "#0"},
				"down": {"uv": [7, 12, 6, 13], "texture": "#0"}
			}
		},
		{
			"name": "Left Leg Layer",
			"from": [6.94148, 7.57323, 0.46777],
			"to": [11.44148, 20.07323, 4.96777],
			"rotation": {"x": 78.46686, "y": -59.44524, "z": 16.21147, "origin": [9.44046, 11.64551, 3.98186]},
			"faces": {
				"north": {"uv": [1, 13, 2, 16], "texture": "#0"},
				"east": {"uv": [0, 13, 1, 16], "texture": "#0"},
				"south": {"uv": [3, 13, 4, 16], "texture": "#0"},
				"west": {"uv": [2, 13, 3, 16], "texture": "#0"},
				"up": {"uv": [2, 13, 1, 12], "texture": "#0"},
				"down": {"uv": [3, 12, 2, 13], "texture": "#0"}
			}
		},
		{
			"name": "Right Leg",
			"from": [7.44549, 7.09892, 2.5013],
			"to": [11.44549, 19.09892, 6.5013],
			"rotation": {"x": 49.13658, "y": 53.1597, "z": -40.91319, "origin": [7.44046, 11.64551, 3.98186]},
			"faces": {
				"north": {"uv": [6, 13, 5, 16], "texture": "#0"},
				"east": {"uv": [7, 13, 6, 16], "texture": "#0"},
				"south": {"uv": [8, 13, 7, 16], "texture": "#0"},
				"west": {"uv": [5, 13, 4, 16], "texture": "#0"},
				"up": {"uv": [5, 13, 6, 12], "texture": "#0"},
				"down": {"uv": [6, 12, 7, 13], "texture": "#0"}
			}
		},
		{
			"name": "Right Leg Layer",
			"from": [7.19549, 6.84892, 2.2513],
			"to": [11.69549, 19.34892, 6.7513],
			"rotation": {"x": 49.13658, "y": 53.1597, "z": -40.91319, "origin": [7.44046, 11.64551, 3.98186]},
			"faces": {
				"north": {"uv": [2, 13, 1, 16], "texture": "#0"},
				"east": {"uv": [3, 13, 2, 16], "texture": "#0"},
				"south": {"uv": [4, 13, 3, 16], "texture": "#0"},
				"west": {"uv": [1, 13, 0, 16], "texture": "#0"},
				"up": {"uv": [1, 13, 2, 12], "texture": "#0"},
				"down": {"uv": [2, 12, 3, 13], "texture": "#0"}
			}
		}
	],
	"display": {
		"thirdperson_righthand": {
			"rotation": [17.75, 0, 0],
			"translation": [0, -18.75, -1.75]
		},
		"thirdperson_lefthand": {
			"rotation": [17.75, 0, 0],
			"translation": [0, -18.75, -1.75]
		},
		"firstperson_righthand": {
			"translation": [6.75, -11, -1.25]
		},
		"firstperson_lefthand": {
			"translation": [6.75, -11, -1.25]
		},
		"ground": {
			"translation": [0, -6, 0]
		},
		"gui": {
			"rotation": [-180, 15.75, -180],
			"translation": [2.5, -16.75, 0]
		},
		"head": {
			"rotation": [25.5, 0, 0],
			"translation": [-0.5, 3, 0],
			"scale": [2, 2, 2]
		},
		"fixed": {
			"rotation": [-70.56, 0.31, -0.23],
			"translation": [0, 7, 18.75],
			"scale": [2, 2, 2]
		},
		"on_shelf": {
			"rotation": [0, 180, 0],
			"translation": [0, -5.5, 0]
		}
	},
	"groups": [
		{
			"name": "Waist",
			"origin": [8, 12, 8],
			"color": 0,
			"children": [
				{
					"name": "Head",
					"origin": [8, 24, 8],
					"color": 0,
					"children": [0, 1]
				},
				{
					"name": "Body",
					"origin": [8, 24, 8],
					"color": 0,
					"children": [2, 3]
				},
				{
					"name": "Right Arm",
					"origin": [13, 22, 8],
					"color": 0,
					"children": [4, 5]
				},
				{
					"name": "Left Arm",
					"origin": [13, 22, 8],
					"color": 0,
					"children": [6, 7]
				}
			]
		},
		{
			"name": "Left Leg",
			"origin": [6.1, 12, 8],
			"color": 0,
			"children": [8, 9]
		},
		{
			"name": "Right Leg",
			"origin": [6.1, 12, 8],
			"color": 0,
			"children": [10, 11]
		}
	]
}