{
	"format_version": "1.21.11",
	"credit": "Made with Blockbench",
	"texture_size": [128, 128],
	"textures": {
		"0": "item/mitre",
		"particle": "item/mitre"
	},
	"elements": [
		{
			"from": [1, 0, 1],
			"to": [13, 2.5, 13],
			"faces": {
				"north": {"uv": [4.5, 4, 6, 4.375], "texture": "#0"},
				"east": {"uv": [4.5, 4.375, 6, 4.75], "texture": "#0"},
				"south": {"uv": [4.5, 4.75, 6, 5.125], "texture": "#0"},
				"west": {"uv": [4.5, 5.125, 6, 5.5], "texture": "#0"},
				"up": {"uv": [1.5, 1.5, 0, 0], "texture": "#0"},
				"down": {"uv": [1.5, 1.5, 0, 3], "texture": "#0"}
			}
		},
		{
			"from": [1, 2.5, 3],
			"to": [13, 3.5, 11],
			"rotation": {"angle": 0, "axis": "y", "origin": [0, 1, 0]},
			"faces": {
				"north": {"uv": [7, 3.5, 8.5, 3.625], "texture": "#0"},
				"east": {"uv": [7.625, 2, 8.625, 2.125], "texture": "#0"},
				"south": {"uv": [7, 3.625, 8.5, 3.75], "texture": "#0"},
				"west": {"uv": [7.625, 2.125, 8.625, 2.25], "texture": "#0"},
				"up": {"uv": [3, 5.375, 1.5, 4.375], "texture": "#0"},
				"down": {"uv": [1.5, 4.5, 0, 5.5], "texture": "#0"}
			}
		},
		{
			"from": [1.2, 6.00433, -3.72302],
			"to": [12.8, 8.50433, 8.27698],
			"rotation": {"x": 57.5, "y": 0, "z": 0, "origin": [3.99633, 6.68776, 3.66383]},
			"faces": {
				"north": {"uv": [1.5, 5.375, 3, 5.75], "texture": "#0"},
				"east": {"uv": [0, 5.5, 1.5, 5.875], "texture": "#0"},
				"south": {"uv": [4.5, 5.5, 6, 5.875], "texture": "#0"},
				"west": {"uv": [3, 5.625, 4.5, 6], "texture": "#0"},
				"up": {"uv": [3, 1.5, 1.5, 0], "texture": "#0"},
				"down": {"uv": [3, 1.5, 1.5, 3], "texture": "#0"}
			}
		},
		{
			"from": [3.45, 5.00433, -10.22302],
			"to": [10.55, 6.00433, -6.22302],
			"rotation": {"x": 80, "y": 0, "z": 0, "origin": [3.99633, 5.18776, 1.16383]},
			"faces": {
				"north": {"uv": [7.625, 2.25, 8.5, 2.375], "texture": "#0"},
				"east": {"uv": [7.5, 7.75, 8, 7.875], "texture": "#0"},
				"south": {"uv": [7.625, 2.375, 8.5, 2.5], "texture": "#0"},
				"west": {"uv": [7.75, 7.5, 8.25, 7.625], "texture": "#0"},
				"up": {"uv": [7.75, 5.75, 6.875, 5.25], "texture": "#0"},
				"down": {"uv": [7.75, 5.75, 6.875, 6.25], "texture": "#0"}
			}
		},
		{
			"from": [1.1, 3.17708, -2.98348],
			"to": [12.9, 6.17708, 7.96652],
			"rotation": {"x": 77.5, "y": 0, "z": 0, "origin": [3.99633, 6.68776, 3.66383]},
			"faces": {
				"north": {"uv": [1.5, 5.75, 3, 6.125], "texture": "#0"},
				"east": {"uv": [3.875, 6.25, 5.25, 6.625], "texture": "#0"},
				"south": {"uv": [0, 5.875, 1.5, 6.25], "texture": "#0"},
				"west": {"uv": [5.25, 6.5, 6.625, 6.875], "texture": "#0"},
				"up": {"uv": [3, 4.375, 1.5, 3], "texture": "#0"},
				"down": {"uv": [4.5, 1.5, 3, 2.875], "texture": "#0"}
			}
		},
		{
			"from": [-0.34094, 4.00246, 1.61892],
			"to": [1.95906, 8.65246, 8.56892],
			"rotation": {"x": 77.77936, "y": -9.01066, "z": 17.29, "origin": [3.99633, 6.68776, 3.66383]},
			"faces": {
				"north": {"uv": [7.375, 6.5, 7.625, 7.125], "texture": "#0"},
				"east": {"uv": [6, 1.875, 6.875, 2.5], "texture": "#0"},
				"south": {"uv": [0.25, 7.5, 0.5, 8.125], "texture": "#0"},
				"west": {"uv": [3, 6, 3.875, 6.625], "texture": "#0"},
				"up": {"uv": [7.25, 8, 7, 7.125], "texture": "#0"},
				"down": {"uv": [3.5, 7.25, 3.25, 8.125], "texture": "#0"}
			}
		},
		{
			"from": [-0.72629, 4.83649, 2.58629],
			"to": [1.57371, 9.48649, 8.78629],
			"rotation": {"x": -90.71312, "y": -13.34481, "z": -22.1519, "origin": [3.99633, 6.68776, 3.66383]},
			"faces": {
				"north": {"uv": [2.25, 7.5, 2.5, 8.125], "texture": "#0"},
				"east": {"uv": [6.625, 6.5, 7.375, 7.125], "texture": "#0"},
				"south": {"uv": [2.5, 7.5, 2.75, 8.125], "texture": "#0"},
				"west": {"uv": [0.875, 6.75, 1.625, 7.375], "texture": "#0"},
				"up": {"uv": [1, 8.125, 0.75, 7.375], "texture": "#0"},
				"down": {"uv": [1.25, 7.375, 1, 8.125], "texture": "#0"}
			}
		},
		{
			"from": [-0.34094, 8.65246, 3.86892],
			"to": [1.70906, 9.90246, 8.56892],
			"rotation": {"x": 77.77936, "y": -9.01066, "z": 17.29, "origin": [3.99633, 6.68776, 3.66383]},
			"faces": {
				"north": {"uv": [6.625, 7.75, 6.875, 7.875], "texture": "#0"},
				"east": {"uv": [2.375, 6.375, 3, 6.5], "texture": "#0"},
				"south": {"uv": [7.875, 1.5, 8.125, 1.625], "texture": "#0"},
				"west": {"uv": [0.875, 6.5, 1.5, 6.625], "texture": "#0"},
				"up": {"uv": [0.75, 8.125, 0.5, 7.5], "texture": "#0"},
				"down": {"uv": [7.75, 0.75, 7.5, 1.375], "texture": "#0"}
			}
		},
		{
			"from": [12.42629, 4.83649, 2.58629],
			"to": [14.72629, 9.48649, 8.78629],
			"rotation": {"x": -90.71312, "y": 13.34481, "z": 22.1519, "origin": [10.00367, 6.68776, 3.66383]},
			"faces": {
				"north": {"uv": [5.625, 7.5, 5.875, 8.125], "texture": "#0"},
				"east": {"uv": [1.625, 6.75, 2.375, 7.375], "texture": "#0"},
				"south": {"uv": [5.875, 7.5, 6.125, 8.125], "texture": "#0"},
				"west": {"uv": [0, 6.875, 0.75, 7.5], "texture": "#0"},
				"up": {"uv": [1.5, 8.125, 1.25, 7.375], "texture": "#0"},
				"down": {"uv": [1.75, 7.375, 1.5, 8.125], "texture": "#0"}
			}
		},
		{
			"from": [12.04094, 4.00246, 1.61892],
			"to": [14.34094, 8.65246, 8.56892],
			"rotation": {"x": 77.77936, "y": 9.01066, "z": -17.29, "origin": [10.00367, 6.68776, 3.66383]},
			"faces": {
				"north": {"uv": [5.125, 7.5, 5.375, 8.125], "texture": "#0"},
				"east": {"uv": [6, 4, 6.875, 4.625], "texture": "#0"},
				"south": {"uv": [5.375, 7.5, 5.625, 8.125], "texture": "#0"},
				"west": {"uv": [6, 4.625, 6.875, 5.25], "texture": "#0"},
				"up": {"uv": [3.75, 8.125, 3.5, 7.25], "texture": "#0"},
				"down": {"uv": [4, 7.25, 3.75, 8.125], "texture": "#0"}
			}
		},
		{
			"from": [12.29094, 8.65246, 3.86892],
			"to": [14.34094, 9.90246, 8.56892],
			"rotation": {"x": 77.77936, "y": 9.01066, "z": -17.29, "origin": [10.00367, 6.68776, 3.66383]},
			"faces": {
				"north": {"uv": [7.875, 1.625, 8.125, 1.75], "texture": "#0"},
				"east": {"uv": [2.375, 6.5, 3, 6.625], "texture": "#0"},
				"south": {"uv": [7.875, 1.75, 8.125, 1.875], "texture": "#0"},
				"west": {"uv": [0.875, 6.625, 1.5, 6.75], "texture": "#0"},
				"up": {"uv": [3, 8.125, 2.75, 7.5], "texture": "#0"},
				"down": {"uv": [3.25, 7.5, 3, 8.125], "texture": "#0"}
			}
		},
		{
			"from": [1.25, 14, 10],
			"to": [12.75, 16, 14.75],
			"rotation": {"x": 85, "y": 0, "z": 0, "origin": [0, 14, 3]},
			"faces": {
				"north": {"uv": [6.875, 6.25, 8.375, 6.5], "texture": "#0"},
				"east": {"uv": [3.875, 6, 4.5, 6.25], "texture": "#0"},
				"south": {"uv": [7, 3, 8.5, 3.25], "texture": "#0"},
				"west": {"uv": [2.375, 6.125, 3, 6.375], "texture": "#0"},
				"up": {"uv": [6, 0.625, 4.5, 0], "texture": "#0"},
				"down": {"uv": [6, 0.625, 4.5, 1.25], "texture": "#0"}
			}
		},
		{
			"from": [1.2, 6.00433, 5.72302],
			"to": [12.8, 8.50433, 17.72302],
			"rotation": {"x": -57.5, "y": 0, "z": 0, "origin": [3.99633, 6.68776, 10.33617]},
			"faces": {
				"north": {"uv": [6, 0.375, 7.5, 0.75], "texture": "#0"},
				"east": {"uv": [6, 0.75, 7.5, 1.125], "texture": "#0"},
				"south": {"uv": [6, 1.125, 7.5, 1.5], "texture": "#0"},
				"west": {"uv": [6, 1.5, 7.5, 1.875], "texture": "#0"},
				"up": {"uv": [1.5, 4.5, 0, 3], "texture": "#0"},
				"down": {"uv": [4.5, 0, 3, 1.5], "texture": "#0"}
			}
		},
		{
			"from": [1.1, 3.17708, 6.03348],
			"to": [12.9, 6.17708, 16.98348],
			"rotation": {"x": -77.5, "y": 0, "z": 0, "origin": [3.99633, 6.68776, 10.33617]},
			"faces": {
				"north": {"uv": [4.5, 5.875, 6, 6.25], "texture": "#0"},
				"east": {"uv": [2.375, 6.625, 3.75, 7], "texture": "#0"},
				"south": {"uv": [6, 0, 7.5, 0.375], "texture": "#0"},
				"west": {"uv": [3.75, 6.625, 5.125, 7], "texture": "#0"},
				"up": {"uv": [4.5, 4.25, 3, 2.875], "texture": "#0"},
				"down": {"uv": [4.5, 4.25, 3, 5.625], "texture": "#0"}
			}
		},
		{
			"from": [1.25, 14, -0.75],
			"to": [12.75, 16, 4],
			"rotation": {"x": -85, "y": 0, "z": 0, "origin": [0, 14, 11]},
			"faces": {
				"north": {"uv": [3.25, 7, 4.75, 7.25], "texture": "#0"},
				"east": {"uv": [0.875, 6.25, 1.5, 6.5], "texture": "#0"},
				"south": {"uv": [7, 3.25, 8.5, 3.5], "texture": "#0"},
				"west": {"uv": [5.25, 6.25, 5.875, 6.5], "texture": "#0"},
				"up": {"uv": [6, 1.875, 4.5, 1.25], "texture": "#0"},
				"down": {"uv": [6, 1.875, 4.5, 2.5], "texture": "#0"}
			}
		},
		{
			"from": [-0.34094, 4.00246, 5.43108],
			"to": [1.95906, 8.65246, 12.38108],
			"rotation": {"x": -77.77936, "y": 9.01066, "z": 17.29, "origin": [3.99633, 6.68776, 10.33617]},
			"faces": {
				"north": {"uv": [7.75, 5, 8, 5.625], "texture": "#0"},
				"east": {"uv": [1.5, 6.125, 2.375, 6.75], "texture": "#0"},
				"south": {"uv": [7.75, 5.625, 8, 6.25], "texture": "#0"},
				"west": {"uv": [0, 6.25, 0.875, 6.875], "texture": "#0"},
				"up": {"uv": [4.75, 8.125, 4.5, 7.25], "texture": "#0"},
				"down": {"uv": [7.5, 7.125, 7.25, 8], "texture": "#0"}
			}
		},
		{
			"from": [-0.34094, 8.65246, 5.43108],
			"to": [1.70906, 9.90246, 10.13108],
			"rotation": {"x": -77.77936, "y": 9.01066, "z": 17.29, "origin": [3.99633, 6.68776, 10.33617]},
			"faces": {
				"north": {"uv": [7.875, 2.625, 8.125, 2.75], "texture": "#0"},
				"east": {"uv": [7.75, 7.25, 8.375, 7.375], "texture": "#0"},
				"south": {"uv": [7.875, 2.75, 8.125, 2.875], "texture": "#0"},
				"west": {"uv": [7.75, 7.375, 8.375, 7.5], "texture": "#0"},
				"up": {"uv": [8, 0.625, 7.75, 0], "texture": "#0"},
				"down": {"uv": [8, 0.625, 7.75, 1.25], "texture": "#0"}
			}
		},
		{
			"from": [-0.72629, 4.83649, 5.21371],
			"to": [1.57371, 9.48649, 11.41371],
			"rotation": {"x": 90.71312, "y": 13.34481, "z": -22.1519, "origin": [3.99633, 6.68776, 10.33617]},
			"faces": {
				"north": {"uv": [4.75, 7.625, 5, 8.25], "texture": "#0"},
				"east": {"uv": [6.875, 4.625, 7.625, 5.25], "texture": "#0"},
				"south": {"uv": [7.625, 6.5, 7.875, 7.125], "texture": "#0"},
				"west": {"uv": [5.125, 6.875, 5.875, 7.5], "texture": "#0"},
				"up": {"uv": [0.25, 8.25, 0, 7.5], "texture": "#0"},
				"down": {"uv": [7.75, 0, 7.5, 0.75], "texture": "#0"}
			}
		},
		{
			"from": [12.29094, 8.65246, 5.43108],
			"to": [14.34094, 9.90246, 10.13108],
			"rotation": {"x": -77.77936, "y": -9.01066, "z": -17.29, "origin": [10.00367, 6.68776, 10.33617]},
			"faces": {
				"north": {"uv": [7.875, 1.875, 8.125, 2], "texture": "#0"},
				"east": {"uv": [7, 3.75, 7.625, 3.875], "texture": "#0"},
				"south": {"uv": [7.875, 2.5, 8.125, 2.625], "texture": "#0"},
				"west": {"uv": [7, 3.875, 7.625, 4], "texture": "#0"},
				"up": {"uv": [7.875, 4.375, 7.625, 3.75], "texture": "#0"},
				"down": {"uv": [7.875, 4.375, 7.625, 5], "texture": "#0"}
			}
		},
		{
			"from": [12.04094, 4.00246, 5.43108],
			"to": [14.34094, 8.65246, 12.38108],
			"rotation": {"x": -77.77936, "y": -9.01066, "z": -17.29, "origin": [10.00367, 6.68776, 10.33617]},
			"faces": {
				"north": {"uv": [7.5, 7.125, 7.75, 7.75], "texture": "#0"},
				"east": {"uv": [6, 5.25, 6.875, 5.875], "texture": "#0"},
				"south": {"uv": [7.625, 1.375, 7.875, 2], "texture": "#0"},
				"west": {"uv": [6, 5.875, 6.875, 6.5], "texture": "#0"},
				"up": {"uv": [4.25, 8.125, 4, 7.25], "texture": "#0"},
				"down": {"uv": [4.5, 7.25, 4.25, 8.125], "texture": "#0"}
			}
		},
		{
			"from": [12.42629, 4.83649, 5.21371],
			"to": [14.72629, 9.48649, 11.41371],
			"rotation": {"x": 90.71312, "y": -13.34481, "z": 22.1519, "origin": [10.00367, 6.68776, 10.33617]},
			"faces": {
				"north": {"uv": [6.125, 7.5, 6.375, 8.125], "texture": "#0"},
				"east": {"uv": [6.875, 1.875, 7.625, 2.5], "texture": "#0"},
				"south": {"uv": [6.375, 7.5, 6.625, 8.125], "texture": "#0"},
				"west": {"uv": [6.875, 4, 7.625, 4.625], "texture": "#0"},
				"up": {"uv": [2, 8.125, 1.75, 7.375], "texture": "#0"},
				"down": {"uv": [2.25, 7.375, 2, 8.125], "texture": "#0"}
			}
		},
		{
			"from": [3.45, 5.00433, 20.22302],
			"to": [10.55, 6.00433, 24.22302],
			"rotation": {"x": -80, "y": 0, "z": 0, "origin": [3.99633, 5.18776, 12.83617]},
			"faces": {
				"north": {"uv": [7.75, 1.25, 8.625, 1.375], "texture": "#0"},
				"east": {"uv": [7.75, 7.625, 8.25, 7.75], "texture": "#0"},
				"south": {"uv": [7.75, 7.125, 8.625, 7.25], "texture": "#0"},
				"west": {"uv": [7.875, 1.375, 8.375, 1.5], "texture": "#0"},
				"up": {"uv": [3.25, 7.5, 2.375, 7], "texture": "#0"},
				"down": {"uv": [7.875, 2.5, 7, 3], "texture": "#0"}
			}
		},
		{
			"from": [1, 0.60706, 9.58738],
			"to": [4, 0.60706, 14.58738],
			"rotation": {"x": 17.5, "y": -32.5, "z": 0, "origin": [2.4461, -3.78543, 16.57016]},
			"faces": {
				"north": {"uv": [0, 0, 0.375, 0], "texture": "#0"},
				"east": {"uv": [0, 0, 0.625, 0], "texture": "#0"},
				"south": {"uv": [0, 0, 0.375, 0], "texture": "#0"},
				"west": {"uv": [0, 0, 0.625, 0], "texture": "#0"},
				"up": {"uv": [5.125, 7.625, 4.75, 7], "texture": "#0"},
				"down": {"uv": [7, 7.125, 6.625, 7.75], "texture": "#0"}
			}
		},
		{
			"from": [-2.30937, -3.76528, 14.99221],
			"to": [17.44063, -3.76528, 17.99221],
			"rotation": {"x": 123.52088, "y": -4.0071, "z": -93.24873, "origin": [2.5461, -3.78543, 16.47016]},
			"faces": {
				"north": {"uv": [0, 0, 2.5, 0], "texture": "#0"},
				"east": {"uv": [0, 0, 0.375, 0], "texture": "#0"},
				"south": {"uv": [0, 0, 2.5, 0], "texture": "#0"},
				"west": {"uv": [0, 0, 0.375, 0], "texture": "#0"},
				"up": {"uv": [7, 2.875, 4.5, 2.5], "texture": "#0"},
				"down": {"uv": [7, 2.875, 4.5, 3.25], "texture": "#0"}
			}
		},
		{
			"from": [10, 0.60706, 9.58738],
			"to": [13, 0.60706, 14.58738],
			"rotation": {"x": 17.5, "y": 32.5, "z": 0, "origin": [11.5539, -3.78543, 16.57016]},
			"faces": {
				"north": {"uv": [0, 0, 0.375, 0], "texture": "#0"},
				"east": {"uv": [0, 0, 0.625, 0], "texture": "#0"},
				"south": {"uv": [0, 0, 0.375, 0], "texture": "#0"},
				"west": {"uv": [0, 0, 0.625, 0], "texture": "#0"},
				"up": {"uv": [6.25, 7.5, 5.875, 6.875], "texture": "#0"},
				"down": {"uv": [6.625, 6.875, 6.25, 7.5], "texture": "#0"}
			}
		},
		{
			"from": [-3.34063, -4.01528, 15.09221],
			"to": [16.40937, -4.01528, 18.09221],
			"rotation": {"x": 118.02088, "y": 4.0071, "z": 93.24873, "origin": [11.5539, -3.78543, 16.57016]},
			"faces": {
				"north": {"uv": [0, 0, 2.5, 0], "texture": "#0"},
				"east": {"uv": [0, 0, 0.375, 0], "texture": "#0"},
				"south": {"uv": [0, 0, 2.5, 0], "texture": "#0"},
				"west": {"uv": [0, 0, 0.375, 0], "texture": "#0"},
				"up": {"uv": [7, 3.625, 4.5, 3.25], "texture": "#0"},
				"down": {"uv": [7, 3.625, 4.5, 4], "texture": "#0"}
			}
		}
	],
	"display": {
		"thirdperson_righthand": {
			"translation": [0, 1.5, 0],
			"scale": [0.3, 0.3, 0.3]
		},
		"thirdperson_lefthand": {
			"translation": [0, 1.5, 0],
			"scale": [0.3, 0.3, 0.3]
		},
		"gui": {
			"rotation": [-163.25, 36.5, -180],
			"scale": [0.7, 0.7, 0.7]
		},
		"head": {
			"rotation": [3.5, 0, 0],
			"translation": [1, 13.5, 1.5]
		},
		"fixed": {
			"translation": [0, 0, -1.5]
		},
		"on_shelf": {
			"rotation": [-5.75, -18, 0]
		}
	}
}