{
	"format_version": "1.21.11",
	"credit": "Made with Blockbench",
	"texture_size": [64, 64],
	"textures": {
		"0": "item/model_apply",
		"particle": "item/model_apply"
	},
	"elements": [
		{
			"from": [7, 1, 1],
			"to": [9, 9, 14],
			"rotation": {"angle": 0, "axis": "y", "origin": [7, 7, 7]},
			"faces": {
				"north": {"uv": [3.5, 5.25, 4, 7.25], "texture": "#0"},
				"east": {"uv": [3.5, 0, 6.75, 2], "texture": "#0"},
				"south": {"uv": [4, 5.25, 4.5, 7.25], "texture": "#0"},
				"west": {"uv": [3.5, 2, 6.75, 4], "texture": "#0"},
				"up": {"uv": [3, 7.25, 2.5, 4], "texture": "#0"},
				"down": {"uv": [3.5, 4, 3, 7.25], "texture": "#0"}
			}
		},
		{
			"from": [6.9, 9, 0.75],
			"to": [9.1, 9.5, 14.25],
			"rotation": {"angle": 0, "axis": "y", "origin": [7, 8, 7]},
			"faces": {
				"north": {"uv": [5.5, 5, 6, 5.25], "texture": "#0"},
				"east": {"uv": [4.5, 5.25, 8, 5.5], "texture": "#0"},
				"south": {"uv": [6, 4.25, 6.5, 4.5], "texture": "#0"},
				"west": {"uv": [5.5, 4, 9, 4.25], "texture": "#0"},
				"up": {"uv": [2, 7.5, 1.5, 4], "texture": "#0"},
				"down": {"uv": [2.5, 4, 2, 7.5], "texture": "#0"}
			}
		},
		{
			"from": [9.25, 2.75, 9.75],
			"to": [9.25, 8, 13.25],
			"rotation": {"angle": 2, "axis": "z", "origin": [7.1, 7, 8]},
			"faces": {
				"north": {"uv": [0, 0, 0, 1.25], "texture": "#0"},
				"east": {"uv": [4.5, 4, 3.5, 5.25], "texture": "#0"},
				"south": {"uv": [0, 0, 0, 1.25], "texture": "#0"},
				"west": {"uv": [3.5, 4, 4.5, 5.25], "texture": "#0"},
				"up": {"uv": [0, 0, 0, 1], "texture": "#0"},
				"down": {"uv": [0, 1, 0, 0], "texture": "#0"}
			}
		},
		{
			"from": [9.1, 5.75, 10.75],
			"to": [9.35, 9, 12.25],
			"rotation": {"angle": 2, "axis": "z", "origin": [7.1, 7, 8]},
			"faces": {
				"north": {"uv": [5.25, 5.5, 5.5, 6.25], "texture": "#0"},
				"east": {"uv": [4.5, 5.5, 5, 6.25], "texture": "#0"},
				"south": {"uv": [5, 5.5, 5.25, 6.25], "texture": "#0"},
				"west": {"uv": [5.5, 4.25, 6, 5], "texture": "#0"},
				"up": {"uv": [5.5, 5.5, 5.75, 6], "texture": "#0"},
				"down": {"uv": [5.75, 6, 6, 5.5], "texture": "#0"}
			}
		},
		{
			"from": [6.65, 5.75, 10.75],
			"to": [6.9, 9, 12.25],
			"rotation": {"angle": -2, "axis": "z", "origin": [8.9, 7, 8]},
			"faces": {
				"north": {"uv": [5.5, 5.5, 5.25, 6.25], "texture": "#0"},
				"east": {"uv": [6, 4.25, 5.5, 5], "texture": "#0"},
				"south": {"uv": [5.25, 5.5, 5, 6.25], "texture": "#0"},
				"west": {"uv": [5, 5.5, 4.5, 6.25], "texture": "#0"},
				"up": {"uv": [5.75, 5.5, 5.5, 6], "texture": "#0"},
				"down": {"uv": [6, 6, 5.75, 5.5], "texture": "#0"}
			}
		},
		{
			"from": [6.75, -3.25, 5.25],
			"to": [6.75, 9, 8.75],
			"rotation": {"angle": -2, "axis": "z", "origin": [8.9, 7, 10.5]},
			"faces": {
				"north": {"uv": [0.0375, 0, 0.0375, 3.0625], "texture": "#0"},
				"east": {"uv": [6.9375, 0, 7.8125, 3.0625], "texture": "#0"},
				"south": {"uv": [0.4625, 0, 0.4625, 3.0625], "texture": "#0"},
				"west": {"uv": [7.8125, 0, 6.9375, 3.0625], "texture": "#0"},
				"up": {"uv": [0.4625, 0.25, 0.4625, 1.125], "texture": "#0"},
				"down": {"uv": [0.4625, 2.25, 0.4625, 3.125], "texture": "#0"}
			}
		},
		{
			"from": [6.9, 0.75, 0.75],
			"to": [6.9, 9, 14.25],
			"rotation": {"angle": -2, "axis": "z", "origin": [8.9, 7, 7]},
			"faces": {
				"north": {"uv": [0, 0, 0, 2.0625], "texture": "#0"},
				"east": {"uv": [3.5, 2, 0, 3.9875], "texture": "#0"},
				"south": {"uv": [0.5, 0, 0.5, 2.0625], "texture": "#0"},
				"west": {"uv": [3.5, 2, 0, 3.9875], "texture": "#0"},
				"up": {"uv": [0.5, 0, 0.5, 3.375], "texture": "#0"},
				"down": {"uv": [0.5, 0, 0.5, 3.375], "texture": "#0"}
			}
		},
		{
			"from": [9.1, 0.75, 0.75],
			"to": [9.1, 9, 14.25],
			"rotation": {"angle": 2, "axis": "z", "origin": [7.1, 7, 7]},
			"faces": {
				"north": {"uv": [0, 0, 0, 2], "texture": "#0"},
				"east": {"uv": [6, 5.5, 9.5, 7.5], "texture": "#0"},
				"south": {"uv": [0, 0, 0, 2], "texture": "#0"},
				"west": {"uv": [9.5, 5.5, 6, 7.5], "texture": "#0"},
				"up": {"uv": [0, 3.5, 0, 0], "texture": "#0"},
				"down": {"uv": [0, 0, 0, 3.5], "texture": "#0"}
			}
		},
		{
			"from": [9.25, -3.25, 5.25],
			"to": [9.25, 9, 8.75],
			"rotation": {"angle": 2, "axis": "z", "origin": [7.1, 7, 10.5]},
			"faces": {
				"north": {"uv": [0, 0, 0, 3], "texture": "#0"},
				"east": {"uv": [0, 4, 0.75, 7], "texture": "#0"},
				"south": {"uv": [0, 0, 0, 3], "texture": "#0"},
				"west": {"uv": [0, 4, 0.75, 7], "texture": "#0"},
				"up": {"uv": [0, 0.75, 0, 0], "texture": "#0"},
				"down": {"uv": [0, 0, 0, 0.75], "texture": "#0"}
			}
		},
		{
			"from": [6.65, 5.75, 2.75],
			"to": [6.9, 9, 4.25],
			"rotation": {"angle": -2, "axis": "z", "origin": [8.9, 7, 7]},
			"faces": {
				"north": {"uv": [5.25, 5.5, 5, 6.25], "texture": "#0"},
				"east": {"uv": [5, 5.5, 4.5, 6.25], "texture": "#0"},
				"south": {"uv": [5.5, 5.5, 5.25, 6.25], "texture": "#0"},
				"west": {"uv": [6, 4.25, 5.5, 5], "texture": "#0"},
				"up": {"uv": [5.5, 6, 5.75, 5.5], "texture": "#0"},
				"down": {"uv": [5.75, 5.5, 6, 6], "texture": "#0"}
			}
		},
		{
			"from": [9.1, 5.75, 2.75],
			"to": [9.35, 9, 4.25],
			"rotation": {"angle": 2, "axis": "z", "origin": [7.1, 7, 7]},
			"faces": {
				"north": {"uv": [5.25, 5.5, 5, 6.25], "texture": "#0"},
				"east": {"uv": [5, 5.5, 4.5, 6.25], "texture": "#0"},
				"south": {"uv": [5.5, 5.5, 5.25, 6.25], "texture": "#0"},
				"west": {"uv": [6, 4.25, 5.5, 5], "texture": "#0"},
				"up": {"uv": [5.5, 6, 5.75, 5.5], "texture": "#0"},
				"down": {"uv": [5.75, 5.5, 6, 6], "texture": "#0"}
			}
		},
		{
			"from": [9.25, 2.75, 1.75],
			"to": [9.25, 8, 5.25],
			"rotation": {"angle": 2, "axis": "z", "origin": [7.1, 7, 7]},
			"faces": {
				"north": {"uv": [0, 0, 0, 1.25], "texture": "#0"},
				"east": {"uv": [3.5, 4, 4.5, 5.25], "texture": "#0"},
				"south": {"uv": [0, 0, 0, 1.25], "texture": "#0"},
				"west": {"uv": [4.5, 4, 3.5, 5.25], "texture": "#0"},
				"up": {"uv": [0, 1, 0, 0], "texture": "#0"},
				"down": {"uv": [0, 0, 0, 1], "texture": "#0"}
			}
		},
		{
			"from": [6.65, 5.75, 2.75],
			"to": [6.9, 9, 4.25],
			"rotation": {"angle": -2, "axis": "z", "origin": [8.9, 7, 7]},
			"faces": {
				"north": {"uv": [5, 5.5, 5.25, 6.25], "texture": "#0"},
				"east": {"uv": [5.5, 4.25, 6, 5], "texture": "#0"},
				"south": {"uv": [5.25, 5.5, 5.5, 6.25], "texture": "#0"},
				"west": {"uv": [4.5, 5.5, 5, 6.25], "texture": "#0"},
				"up": {"uv": [5.75, 6, 5.5, 5.5], "texture": "#0"},
				"down": {"uv": [6, 5.5, 5.75, 6], "texture": "#0"}
			}
		},
		{
			"from": [6.75, 2.75, 1.75],
			"to": [6.75, 8, 5.25],
			"rotation": {"angle": -2, "axis": "z", "origin": [8.9, 7, 7]},
			"faces": {
				"north": {"uv": [0, 0, 0, 1.25], "texture": "#0"},
				"east": {"uv": [3.5, 4, 4.5, 5.25], "texture": "#0"},
				"south": {"uv": [0, 0, 0, 1.25], "texture": "#0"},
				"west": {"uv": [4.5, 4, 3.5, 5.25], "texture": "#0"},
				"up": {"uv": [0, 1, 0, 0], "texture": "#0"},
				"down": {"uv": [0, 0, 0, 1], "texture": "#0"}
			}
		},
		{
			"from": [6.65, 5.75, 10.75],
			"to": [6.9, 9, 12.25],
			"rotation": {"angle": -2, "axis": "z", "origin": [8.9, 7, 8]},
			"faces": {
				"north": {"uv": [5.5, 5.5, 5.25, 6.25], "texture": "#0"},
				"east": {"uv": [6, 4.25, 5.5, 5], "texture": "#0"},
				"south": {"uv": [5.25, 5.5, 5, 6.25], "texture": "#0"},
				"west": {"uv": [5, 5.5, 4.5, 6.25], "texture": "#0"},
				"up": {"uv": [5.75, 5.5, 5.5, 6], "texture": "#0"},
				"down": {"uv": [6, 6, 5.75, 5.5], "texture": "#0"}
			}
		},
		{
			"from": [6.75, 2.75, 9.75],
			"to": [6.75, 8, 13.25],
			"rotation": {"angle": -2, "axis": "z", "origin": [8.9, 7, 8]},
			"faces": {
				"north": {"uv": [0, 0, 0, 1.25], "texture": "#0"},
				"east": {"uv": [4.5, 4, 3.5, 5.25], "texture": "#0"},
				"south": {"uv": [0, 0, 0, 1.25], "texture": "#0"},
				"west": {"uv": [3.5, 4, 4.5, 5.25], "texture": "#0"},
				"up": {"uv": [0, 0, 0, 1], "texture": "#0"},
				"down": {"uv": [0, 1, 0, 0], "texture": "#0"}
			}
		}
	],
	"display": {
		"thirdperson_righthand": {
			"rotation": [83.6, 2.23, 7.68],
			"translation": [0, -3, 1.75],
			"scale": [1, 0.7, 0.7]
		},
		"thirdperson_lefthand": {
			"rotation": [83.6, 2.23, 7.68],
			"translation": [0, -3, 1.75],
			"scale": [1, 0.7, 0.7]
		},
		"firstperson_righthand": {
			"rotation": [83.52, 0.11, -59.53],
			"translation": [3.25, 1.5, 0],
			"scale": [1.5, 1, 1]
		},
		"firstperson_lefthand": {
			"rotation": [83.52, 0.11, -59.53],
			"translation": [3.25, 1.5, 0],
			"scale": [1.5, 1, 1]
		},
		"ground": {
			"rotation": [0, 0, 90],
			"translation": [-2.25, -2.5, 0]
		},
		"gui": {
			"rotation": [75.73, -6.21, -128.23],
			"translation": [3.25, -1.25, 0]
		},
		"head": {
			"rotation": [177.98, 51.73, -88.4],
			"translation": [2, 7.75, 1.5]
		},
		"fixed": {
			"rotation": [2.25, 90, 0],
			"translation": [0.5, 5.25, -2.25],
			"scale": [1.8, 1.8, 1.8]
		},
		"on_shelf": {
			"rotation": [-82.05, 13.09, 58.33],
			"translation": [-4, 0.5, 0],
			"scale": [2, 2, 2]
		}
	}
}