{
	"format_version": "1.21.11",
	"credit": "Made with Blockbench",
	"texture_size": [128, 128],
	"textures": {
		"1": "item/scarf"
	},
	"elements": [
		{
			"from": [2, 0, 1],
			"to": [14, 3, 14],
			"rotation": {"x": -3.81397, "y": 11.91276, "z": -17.89807, "origin": [8, 1.5, 7.5]},
			"faces": {
				"north": {"uv": [6, 4.5, 7.5, 4.875], "texture": "#1"},
				"east": {"uv": [1.5, 6, 3.125, 6.375], "texture": "#1"},
				"south": {"uv": [4.75, 6, 6.25, 6.375], "texture": "#1"},
				"west": {"uv": [6, 3, 7.625, 3.375], "texture": "#1"},
				"up": {"uv": [1.5, 3.625, 0, 2], "texture": "#1"},
				"down": {"uv": [3, 2, 1.5, 3.625], "texture": "#1"}
			}
		},
		{
			"from": [2, 0, 1],
			"to": [14, 3, 14],
			"rotation": {"x": 3.77565, "y": 44.65045, "z": 14.86809, "origin": [8, 1.5, 7.5]},
			"faces": {
				"north": {"uv": [6, 4.875, 7.5, 5.25], "texture": "#1"},
				"east": {"uv": [3.125, 6, 4.75, 6.375], "texture": "#1"},
				"south": {"uv": [6, 5.25, 7.5, 5.625], "texture": "#1"},
				"west": {"uv": [6, 3.375, 7.625, 3.75], "texture": "#1"},
				"up": {"uv": [4.5, 3.625, 3, 2], "texture": "#1"},
				"down": {"uv": [1.5, 3.625, 0, 5.25], "texture": "#1"}
			}
		},
		{
			"from": [2, 0, 1],
			"to": [14, 3, 14],
			"rotation": {"x": 177.5, "y": 77.5, "z": -180, "origin": [8, 1.5, 7.5]},
			"faces": {
				"north": {"uv": [6, 5.625, 7.5, 6], "texture": "#1"},
				"east": {"uv": [6, 3.75, 7.625, 4.125], "texture": "#1"},
				"south": {"uv": [6.25, 6, 7.75, 6.375], "texture": "#1"},
				"west": {"uv": [6, 4.125, 7.625, 4.5], "texture": "#1"},
				"up": {"uv": [3, 5.25, 1.5, 3.625], "texture": "#1"},
				"down": {"uv": [4.5, 3.625, 3, 5.25], "texture": "#1"}
			}
		},
		{
			"from": [2.25, 2, 2.5],
			"to": [13.75, 8, 14.1],
			"rotation": {"angle": 0, "axis": "y", "origin": [3.5, 3, 3]},
			"faces": {
				"north": {"uv": [0, 5.25, 1.5, 6], "texture": "#1"},
				"east": {"uv": [1.5, 5.25, 3, 6], "texture": "#1"},
				"south": {"uv": [3, 5.25, 4.5, 6], "texture": "#1"},
				"west": {"uv": [5.5, 0, 7, 0.75], "texture": "#1"},
				"up": {"uv": [5.5, 1.5, 4, 0], "texture": "#1"},
				"down": {"uv": [6, 1.5, 4.5, 3], "texture": "#1"}
			}
		},
		{
			"from": [2.1, 7.2, 2.25],
			"to": [13.9, 8.7, 14.25],
			"rotation": {"angle": 0, "axis": "y", "origin": [3.5, 2.7, 3]},
			"faces": {
				"north": {"uv": [1.5, 6.375, 3, 6.625], "texture": "#1"},
				"east": {"uv": [3, 6.375, 4.5, 6.625], "texture": "#1"},
				"south": {"uv": [4.5, 6.375, 6, 6.625], "texture": "#1"},
				"west": {"uv": [6, 6.375, 7.5, 6.625], "texture": "#1"},
				"up": {"uv": [6, 4.5, 4.5, 3], "texture": "#1"},
				"down": {"uv": [6, 4.5, 4.5, 6], "texture": "#1"}
			}
		},
		{
			"from": [3.25, -16, 13.85],
			"to": [6.75, 2, 13.85],
			"rotation": {"x": -4.95744, "y": -0.65182, "z": -7.47178, "origin": [5, -6, 13.85]},
			"faces": {
				"north": {"uv": [1, 6, 0.5, 8.25], "texture": "#1"},
				"east": {"uv": [0, 0, 0, 2.25], "texture": "#1"},
				"south": {"uv": [0.5, 6, 1, 8.25], "texture": "#1"},
				"west": {"uv": [0, 0, 0, 2.25], "texture": "#1"},
				"up": {"uv": [0.5, 0, 0, 0], "texture": "#1"},
				"down": {"uv": [0.5, 0, 0, 0], "texture": "#1"}
			}
		},
		{
			"from": [9.25, -16, 13.85],
			"to": [12.75, 2, 13.85],
			"rotation": {"x": -10.20698, "y": 11.68597, "z": 9.21469, "origin": [11, -6, 13.85]},
			"faces": {
				"north": {"uv": [1.5, 6, 1, 8.25], "texture": "#1"},
				"east": {"uv": [0, 0, 0, 2.25], "texture": "#1"},
				"south": {"uv": [1, 6, 1.5, 8.25], "texture": "#1"},
				"west": {"uv": [0, 0, 0, 2.25], "texture": "#1"},
				"up": {"uv": [0.5, 0, 0, 0], "texture": "#1"},
				"down": {"uv": [0.5, 0, 0, 0], "texture": "#1"}
			}
		},
		{
			"from": [3.25, 6.5, 1.25],
			"to": [6.25, 7.25, 3.25],
			"rotation": {"x": 0, "y": 0, "z": -135, "origin": [4.75, 8, 2.25]},
			"faces": {
				"north": {"uv": [7.125, 0.375, 7.625, 0.5], "texture": "#1"},
				"east": {"uv": [7.625, 0.375, 8, 0.5], "texture": "#1"},
				"south": {"uv": [8, 0.375, 8.5, 0.5], "texture": "#1"},
				"west": {"uv": [7.625, 0.875, 8, 1], "texture": "#1"},
				"up": {"uv": [8.5, 0.875, 8, 0.5], "texture": "#1"},
				"down": {"uv": [7.625, 1.125, 7.125, 1.5], "texture": "#1"}
			}
		},
		{
			"from": [3.25, 7.25, 1.25],
			"to": [4, 8.75, 3.25],
			"rotation": {"x": 0, "y": 0, "z": -135, "origin": [4.75, 8, 2.25]},
			"faces": {
				"north": {"uv": [7.5, 0.125, 7.625, 0.375], "texture": "#1"},
				"east": {"uv": [7.625, 0.125, 8, 0.375], "texture": "#1"},
				"south": {"uv": [8, 0.125, 8.125, 0.375], "texture": "#1"},
				"west": {"uv": [7.625, 0.625, 8, 0.875], "texture": "#1"},
				"up": {"uv": [8.5, 0.875, 8.375, 0.5], "texture": "#1"},
				"down": {"uv": [7.625, 0.5, 7.5, 0.875], "texture": "#1"}
			}
		},
		{
			"from": [3.25, 8.75, 1.25],
			"to": [6.25, 9.5, 3.25],
			"rotation": {"x": 0, "y": 0, "z": -135, "origin": [4.75, 8, 2.25]},
			"faces": {
				"north": {"uv": [7.125, 0, 7.625, 0.125], "texture": "#1"},
				"east": {"uv": [7.625, 0, 8, 0.125], "texture": "#1"},
				"south": {"uv": [8, 0, 8.5, 0.125], "texture": "#1"},
				"west": {"uv": [7.625, 0.5, 8, 0.625], "texture": "#1"},
				"up": {"uv": [9.375, 1.375, 8.875, 1], "texture": "#1"},
				"down": {"uv": [7, 0.75, 6.5, 1.125], "texture": "#1"}
			}
		},
		{
			"from": [5.5, 7.25, 1.25],
			"to": [6.25, 8.75, 3.25],
			"rotation": {"x": 0, "y": 0, "z": -135, "origin": [4.75, 8, 2.25]},
			"faces": {
				"north": {"uv": [7.125, 0.125, 7.25, 0.375], "texture": "#1"},
				"east": {"uv": [7.625, 0.125, 8, 0.375], "texture": "#1"},
				"south": {"uv": [8.375, 0.125, 8.5, 0.375], "texture": "#1"},
				"west": {"uv": [7.625, 0.625, 8, 0.875], "texture": "#1"},
				"up": {"uv": [8.125, 0.875, 8, 0.5], "texture": "#1"},
				"down": {"uv": [7.25, 0.5, 7.125, 0.875], "texture": "#1"}
			}
		},
		{
			"from": [4, 7.25, 1.4],
			"to": [5.5, 8.75, 3.15],
			"rotation": {"x": 0, "y": 0, "z": -135, "origin": [4.75, 8, 2.15]},
			"faces": {
				"north": {"uv": [6.625, 1.25, 6.875, 1.5], "texture": "#1"},
				"east": {"uv": [8.375, 1.125, 8.75, 1.625], "texture": "#1"},
				"south": {"uv": [8.5, 0, 9, 0.5], "texture": "#1"},
				"west": {"uv": [7.75, 1, 8.125, 1.5], "texture": "#1"},
				"up": {"uv": [8.5, 0.875, 8, 0.5], "texture": "#1"},
				"down": {"uv": [7, 0.75, 6.5, 1.125], "texture": "#1"}
			}
		},
		{
			"from": [12, 7.25, 1.25],
			"to": [12.75, 8.75, 3.25],
			"rotation": {"x": 0, "y": 0, "z": 135, "origin": [11.25, 8, 2.25]},
			"faces": {
				"north": {"uv": [7.625, 0.125, 7.5, 0.375], "texture": "#1"},
				"east": {"uv": [8, 0.625, 7.625, 0.875], "texture": "#1"},
				"south": {"uv": [8.125, 0.125, 8, 0.375], "texture": "#1"},
				"west": {"uv": [8, 0.125, 7.625, 0.375], "texture": "#1"},
				"up": {"uv": [8.375, 0.875, 8.5, 0.5], "texture": "#1"},
				"down": {"uv": [7.5, 0.5, 7.625, 0.875], "texture": "#1"}
			}
		},
		{
			"from": [9.75, 6.5, 1.25],
			"to": [12.75, 7.25, 3.25],
			"rotation": {"x": 0, "y": 0, "z": 135, "origin": [11.25, 8, 2.25]},
			"faces": {
				"north": {"uv": [7.625, 0.375, 7.125, 0.5], "texture": "#1"},
				"east": {"uv": [8, 0.875, 7.625, 1], "texture": "#1"},
				"south": {"uv": [8.5, 0.375, 8, 0.5], "texture": "#1"},
				"west": {"uv": [8, 0.375, 7.625, 0.5], "texture": "#1"},
				"up": {"uv": [8, 0.875, 8.5, 0.5], "texture": "#1"},
				"down": {"uv": [7.125, 1.125, 7.625, 1.5], "texture": "#1"}
			}
		},
		{
			"from": [9.75, 7.25, 1.25],
			"to": [10.5, 8.75, 3.25],
			"rotation": {"x": 0, "y": 0, "z": 135, "origin": [11.25, 8, 2.25]},
			"faces": {
				"north": {"uv": [7.25, 0.125, 7.125, 0.375], "texture": "#1"},
				"east": {"uv": [8, 0.625, 7.625, 0.875], "texture": "#1"},
				"south": {"uv": [8.5, 0.125, 8.375, 0.375], "texture": "#1"},
				"west": {"uv": [8, 0.125, 7.625, 0.375], "texture": "#1"},
				"up": {"uv": [8, 0.875, 8.125, 0.5], "texture": "#1"},
				"down": {"uv": [7.125, 0.5, 7.25, 0.875], "texture": "#1"}
			}
		},
		{
			"from": [9.75, 8.75, 1.25],
			"to": [12.75, 9.5, 3.25],
			"rotation": {"x": 0, "y": 0, "z": 135, "origin": [11.25, 8, 2.25]},
			"faces": {
				"north": {"uv": [7.625, 0, 7.125, 0.125], "texture": "#1"},
				"east": {"uv": [8, 0.5, 7.625, 0.625], "texture": "#1"},
				"south": {"uv": [8.5, 0, 8, 0.125], "texture": "#1"},
				"west": {"uv": [8, 0, 7.625, 0.125], "texture": "#1"},
				"up": {"uv": [8.875, 1.375, 9.375, 1], "texture": "#1"},
				"down": {"uv": [6.5, 0.75, 7, 1.125], "texture": "#1"}
			}
		},
		{
			"from": [10.5, 7.25, 1.4],
			"to": [12, 8.75, 3.15],
			"rotation": {"x": 0, "y": 0, "z": 135, "origin": [11.25, 8, 2.15]},
			"faces": {
				"north": {"uv": [6.875, 1.25, 6.625, 1.5], "texture": "#1"},
				"east": {"uv": [8.125, 1, 7.75, 1.5], "texture": "#1"},
				"south": {"uv": [9, 0, 8.5, 0.5], "texture": "#1"},
				"west": {"uv": [8.75, 1.125, 8.375, 1.625], "texture": "#1"},
				"up": {"uv": [8, 0.875, 8.5, 0.5], "texture": "#1"},
				"down": {"uv": [6.5, 0.75, 7, 1.125], "texture": "#1"}
			}
		},
		{
			"name": "head",
			"from": [1.73, 1.53, 1.98],
			"to": [14.27, 14.07, 14.52],
			"rotation": {"angle": 0, "axis": "y", "origin": [7, -20.2, 7.25]},
			"faces": {
				"north": {"uv": [1, 1, 2, 2], "texture": "#1"},
				"east": {"uv": [0, 1, 1, 2], "texture": "#1"},
				"south": {"uv": [3, 1, 4, 2], "texture": "#1"},
				"west": {"uv": [2, 1, 3, 2], "texture": "#1"},
				"up": {"uv": [2, 1, 1, 0], "texture": "#1"},
				"down": {"uv": [3, 0, 2, 1], "texture": "#1"}
			}
		}
	],
	"display": {
		"thirdperson_righthand": {
			"rotation": [25.5, 0, 0],
			"scale": [0.5, 0.5, 0.5]
		},
		"thirdperson_lefthand": {
			"rotation": [25.5, 0, 0],
			"scale": [0.5, 0.5, 0.5]
		},
		"ground": {
			"translation": [0, 7.5, 0]
		},
		"gui": {
			"rotation": [-165.92, 22.69, 175.94],
			"translation": [0, 1.25, 0]
		},
		"head": {
			"scale": [1.2, 1.2, 1.2]
		}
	}
}