{
	"format_version": "1.21.11",
	"credit": "Made with Blockbench",
	"texture_size": [32, 32],
	"textures": {
		"0": "item/shades",
		"particle": "item/shades"
	},
	"elements": [
		{
			"from": [1.25, 0, 1],
			"to": [14.75, 4, 15],
			"rotation": {"angle": 0, "axis": "y", "origin": [0.25, 0, 0]},
			"faces": {
				"north": {"uv": [7, 8, 14.5, 10.125], "texture": "#0"},
				"east": {"uv": [7, 2, 14, 4], "texture": "#0"},
				"south": {"uv": [7, 4, 14, 6], "texture": "#0"},
				"west": {"uv": [7, 6, 14, 8], "texture": "#0"},
				"up": {"uv": [7, 7, 0, 0], "texture": "#0"},
				"down": {"uv": [7, 7, 0, 14], "texture": "#0"}
			}
		}
	],
	"display": {
		"thirdperson_righthand": {
			"rotation": [2.94, 14.86, -0.82],
			"translation": [0, 1.5, 3],
			"scale": [0.5, 0.5, 0.5]
		},
		"thirdperson_lefthand": {
			"rotation": [2.94, 14.86, -0.82],
			"translation": [0, 1.5, 3],
			"scale": [0.5, 0.5, 0.5]
		},
		"firstperson_righthand": {
			"rotation": [12.5, 35.25, 0],
			"translation": [4.25, 6.25, 1.25]
		},
		"firstperson_lefthand": {
			"rotation": [12.5, 35.25, 0],
			"translation": [4.25, 6.25, 1.25]
		},
		"ground": {
			"translation": [0, 5.5, 0]
		},
		"gui": {
			"rotation": [169.75, 9.44, -156.92],
			"translation": [2.5, 5.5, 0]
		},
		"head": {
			"rotation": [0.5, 0, 0],
			"translation": [0, 6.25, -0.25]
		},
		"fixed": {
			"translation": [0, 6, 6.75]
		},
		"on_shelf": {
			"rotation": [165.89, 31.77, -149.61]
		}
	}
}