{
	"format_version": "1.21.11",
	"credit": "Made with Blockbench",
	"texture_size": [32, 32],
	"textures": {
		"0": "item/wom_t",
		"particle": "item/wom_t"
	},
	"elements": [
		{
			"from": [6, 2, 7],
			"to": [10, 5.5, 9.5],
			"rotation": {"angle": 0, "axis": "y", "origin": [7, 0, 7]},
			"faces": {
				"north": {"uv": [2.5, 0, 4.5, 2], "texture": "#0"},
				"east": {"uv": [4.5, 0, 6, 2], "texture": "#0"},
				"south": {"uv": [2.5, 2, 4.5, 4], "texture": "#0"},
				"west": {"uv": [4.5, 2, 6, 4], "texture": "#0"},
				"up": {"uv": [7, 5.5, 5, 4], "texture": "#0"},
				"down": {"uv": [2, 5.5, 0, 7], "texture": "#0"}
			}
		},
		{
			"from": [4.85, 4.1, 9.75],
			"to": [6.75, 6, 13],
			"rotation": {"x": -72.75298, "y": 19.58991, "z": -15.84766, "origin": [7, 1.5, 10.75]},
			"faces": {
				"north": {"uv": [1, 7, 2, 8], "texture": "#0"},
				"east": {"uv": [6, 3, 7.5, 4], "texture": "#0"},
				"south": {"uv": [7, 4, 8, 5], "texture": "#0"},
				"west": {"uv": [5, 6.5, 6.5, 7.5], "texture": "#0"},
				"up": {"uv": [7.5, 7, 6.5, 5.5], "texture": "#0"},
				"down": {"uv": [1, 7, 0, 8.5], "texture": "#0"}
			}
		},
		{
			"from": [9.25, 4.1, 9.75],
			"to": [11.15, 6, 13],
			"rotation": {"x": -72.75298, "y": -19.58991, "z": 15.84766, "origin": [9, 1.5, 10.75]},
			"faces": {
				"north": {"uv": [2, 7, 1, 8], "texture": "#0"},
				"east": {"uv": [6.5, 6.5, 5, 7.5], "texture": "#0"},
				"south": {"uv": [8, 4, 7, 5], "texture": "#0"},
				"west": {"uv": [7.5, 3, 6, 4], "texture": "#0"},
				"up": {"uv": [6.5, 7, 7.5, 5.5], "texture": "#0"},
				"down": {"uv": [0, 7, 1, 8.5], "texture": "#0"}
			}
		},
		{
			"from": [9.25, 0.1, 6.75],
			"to": [11.15, 2, 10],
			"rotation": {"x": -25.25298, "y": -19.58991, "z": 15.84766, "origin": [9, -2.5, 7.75]},
			"faces": {
				"north": {"uv": [2, 7, 1, 8], "texture": "#0"},
				"east": {"uv": [6.5, 6.5, 5, 7.5], "texture": "#0"},
				"south": {"uv": [8, 4, 7, 5], "texture": "#0"},
				"west": {"uv": [7.5, 3, 6, 4], "texture": "#0"},
				"up": {"uv": [6.5, 7, 7.5, 5.5], "texture": "#0"},
				"down": {"uv": [0, 7, 1, 8.5], "texture": "#0"}
			}
		},
		{
			"from": [4.85, 0.1, 6.75],
			"to": [6.75, 2, 10],
			"rotation": {"x": -25.25298, "y": 19.58991, "z": -15.84766, "origin": [7, -2.5, 7.75]},
			"faces": {
				"north": {"uv": [1, 7, 2, 8], "texture": "#0"},
				"east": {"uv": [6, 3, 7.5, 4], "texture": "#0"},
				"south": {"uv": [7, 4, 8, 5], "texture": "#0"},
				"west": {"uv": [5, 6.5, 6.5, 7.5], "texture": "#0"},
				"up": {"uv": [7.5, 7, 6.5, 5.5], "texture": "#0"},
				"down": {"uv": [1, 7, 0, 8.5], "texture": "#0"}
			}
		},
		{
			"from": [5.75, 5.25, 6.35],
			"to": [10.25, 9.5, 9.45],
			"rotation": {"angle": -7.5, "axis": "x", "origin": [8, 8.13534, 7.00369]},
			"faces": {
				"north": {"uv": [0, 0, 2.5, 2], "texture": "#0"},
				"east": {"uv": [2, 5.5, 3.5, 7.5], "texture": "#0"},
				"south": {"uv": [0, 2, 2.5, 4], "texture": "#0"},
				"west": {"uv": [3.5, 5.5, 5, 7.5], "texture": "#0"},
				"up": {"uv": [2.5, 5.5, 0, 4], "texture": "#0"},
				"down": {"uv": [5, 4, 2.5, 5.5], "texture": "#0"}
			}
		},
		{
			"from": [6.75, 5.35076, 5.36269],
			"to": [9.25, 7.45076, 6.21269],
			"rotation": {"angle": -17.5, "axis": "x", "origin": [8, 8.13534, 7.00369]},
			"faces": {
				"north": {"uv": [6, 1, 7.5, 2], "texture": "#0"},
				"east": {"uv": [7.5, 2, 8, 3], "texture": "#0"},
				"south": {"uv": [6, 2, 7.5, 3], "texture": "#0"},
				"west": {"uv": [2.5, 7.5, 3, 8.5], "texture": "#0"},
				"up": {"uv": [9, 0.5, 7.5, 0], "texture": "#0"},
				"down": {"uv": [9, 0.5, 7.5, 1], "texture": "#0"}
			}
		},
		{
			"from": [6.3103, 9.58066, 7.35],
			"to": [7.8103, 10.83066, 8.2],
			"rotation": {"x": -6.93488, "y": 2.86313, "z": 22.32648, "origin": [7.75, 8.13534, 7.00369]},
			"faces": {
				"north": {"uv": [5, 5.5, 6, 6.5], "texture": "#0"},
				"east": {"uv": [7.5, 1, 8, 2], "texture": "#0"},
				"south": {"uv": [6, 0, 7.5, 1], "texture": "#0"},
				"west": {"uv": [2, 7.5, 2.5, 8.5], "texture": "#0"},
				"up": {"uv": [8.5, 5.5, 7, 5], "texture": "#0"},
				"down": {"uv": [8, 7, 6.5, 7.5], "texture": "#0"}
			}
		},
		{
			"from": [8.1897, 9.58066, 7.35],
			"to": [9.6897, 10.83066, 8.2],
			"rotation": {"x": -6.93488, "y": -2.86313, "z": -22.32648, "origin": [8.25, 8.13534, 7.00369]},
			"faces": {
				"north": {"uv": [6, 5.5, 5, 6.5], "texture": "#0"},
				"east": {"uv": [2.5, 7.5, 2, 8.5], "texture": "#0"},
				"south": {"uv": [7.5, 0, 6, 1], "texture": "#0"},
				"west": {"uv": [8, 1, 7.5, 2], "texture": "#0"},
				"up": {"uv": [7, 5.5, 8.5, 5], "texture": "#0"},
				"down": {"uv": [6.5, 7, 8, 7.5], "texture": "#0"}
			}
		}
	],
	"display": {
		"thirdperson_righthand": {
			"rotation": [-152.22, -0.65, 170.23],
			"translation": [-1.75, 2.75, 1.75]
		},
		"thirdperson_lefthand": {
			"rotation": [-152.22, -0.65, 170.23],
			"translation": [-1.75, 2.75, 1.75]
		},
		"firstperson_righthand": {
			"rotation": [154.18, 31.13, -175.15],
			"translation": [0, 6.75, 0]
		},
		"firstperson_lefthand": {
			"rotation": [148.71, 39.69, -163.78],
			"translation": [3.75, 4.25, 0]
		},
		"gui": {
			"rotation": [-160.14, -16.52, 164.87],
			"translation": [-1.5, 4, 0],
			"scale": [1.5, 1.5, 1.5]
		},
		"head": {
			"translation": [0, 13.25, 0]
		},
		"fixed": {
			"translation": [0, 4.5, 0],
			"scale": [1.5, 1.5, 1.5]
		},
		"on_shelf": {
			"rotation": [0, -180, 0],
			"translation": [0, 1.25, -2],
			"scale": [1.5, 1.5, 1.5]
		}
	}
}