{
	"format_version": "1.21.11",
	"credit": "Made with Blockbench",
	"texture_size": [64, 64],
	"textures": {
		"0": "item/rapier",
		"particle": "item/rapier"
	},
	"elements": [
		{
			"from": [7, -7, 7],
			"to": [9, -5, 9],
			"rotation": {"angle": 0, "axis": "y", "origin": [7, -7, 9]},
			"faces": {
				"north": {"uv": [7, 0.5, 7.5, 1], "texture": "#0"},
				"east": {"uv": [7, 1, 7.5, 1.5], "texture": "#0"},
				"south": {"uv": [7, 1.5, 7.5, 2], "texture": "#0"},
				"west": {"uv": [7, 2, 7.5, 2.5], "texture": "#0"},
				"up": {"uv": [7.5, 3, 7, 2.5], "texture": "#0"},
				"down": {"uv": [7.5, 3, 7, 3.5], "texture": "#0"}
			}
		},
		{
			"from": [7.35, -5, 7.35],
			"to": [8.65, 1, 8.65],
			"rotation": {"angle": 0, "axis": "y", "origin": [7, -5, 9]},
			"faces": {
				"north": {"uv": [6.75, 0, 7, 1.5], "texture": "#0"},
				"east": {"uv": [6.75, 1.5, 7, 3], "texture": "#0"},
				"south": {"uv": [6.75, 3, 7, 4.5], "texture": "#0"},
				"west": {"uv": [6.75, 4.5, 7, 6], "texture": "#0"},
				"up": {"uv": [7.75, 2.25, 7.5, 2], "texture": "#0"},
				"down": {"uv": [7.75, 2.25, 7.5, 2.5], "texture": "#0"}
			}
		},
		{
			"from": [7.75, 2.25, 7.35],
			"to": [8.25, 21, 8.65],
			"rotation": {"angle": 0, "axis": "y", "origin": [7, 2, 9]},
			"faces": {
				"north": {"uv": [5.5, 0, 5.75, 4.75], "texture": "#0"},
				"east": {"uv": [5.5, 4.75, 5.75, 9.5], "texture": "#0"},
				"south": {"uv": [5.75, 0, 6, 4.75], "texture": "#0"},
				"west": {"uv": [5.75, 4.75, 6, 9.5], "texture": "#0"},
				"up": {"uv": [7.75, 4.25, 7.5, 4], "texture": "#0"},
				"down": {"uv": [7.75, 4.25, 7.5, 4.5], "texture": "#0"}
			}
		},
		{
			"from": [8, -11.75, 2.35],
			"to": [8, 30, 13.65],
			"rotation": {"angle": 0, "axis": "y", "origin": [7, 9, 7]},
			"faces": {
				"north": {"uv": [0, 0, 0, 10.5], "texture": "#0"},
				"east": {"uv": [2.75, 0, 0, 10.5], "texture": "#0"},
				"south": {"uv": [0, 0, 0, 10.5], "texture": "#0"},
				"west": {"uv": [2.75, 0, 0, 10.5], "texture": "#0"},
				"up": {"uv": [0, 0, 0, 2.75], "texture": "#0"},
				"down": {"uv": [0, 2.75, 0, 0], "texture": "#0"}
			}
		},
		{
			"from": [7.1, 1, 7.1],
			"to": [8.9, 2.1, 8.9],
			"rotation": {"angle": 0, "axis": "y", "origin": [7, -5, 9]},
			"faces": {
				"north": {"uv": [7, 4.5, 7.5, 4.75], "texture": "#0"},
				"east": {"uv": [7, 4.75, 7.5, 5], "texture": "#0"},
				"south": {"uv": [7, 5, 7.5, 5.25], "texture": "#0"},
				"west": {"uv": [7, 5.25, 7.5, 5.5], "texture": "#0"},
				"up": {"uv": [7.5, 4, 7, 3.5], "texture": "#0"},
				"down": {"uv": [7.5, 4, 7, 4.5], "texture": "#0"}
			}
		},
		{
			"from": [7.25, 1.45, 5.1],
			"to": [8.75, 2.5, 9.9],
			"rotation": {"angle": 0, "axis": "y", "origin": [7, -4.5, 9]},
			"faces": {
				"north": {"uv": [7, 5.5, 7.5, 5.75], "texture": "#0"},
				"east": {"uv": [7, 0, 8.25, 0.25], "texture": "#0"},
				"south": {"uv": [7, 5.75, 7.5, 6], "texture": "#0"},
				"west": {"uv": [7, 0.25, 8.25, 0.5], "texture": "#0"},
				"up": {"uv": [6.5, 7.25, 6, 6], "texture": "#0"},
				"down": {"uv": [7, 6, 6.5, 7.25], "texture": "#0"}
			}
		},
		{
			"from": [6.97929, 2.76107, 3.85549],
			"to": [9.72929, 2.76107, 7.65549],
			"rotation": {"x": -90.47273, "y": -51.38392, "z": 2.85586, "origin": [8.3625, 1.06508, 7.31449]},
			"faces": {
				"north": {"uv": [0, 0, 0.75, 0], "texture": "#0"},
				"east": {"uv": [0, 0, 1, 0], "texture": "#0"},
				"south": {"uv": [0, 0, 0.75, 0], "texture": "#0"},
				"west": {"uv": [0, 0, 1, 0], "texture": "#0"},
				"up": {"uv": [6.75, 3, 6, 2], "texture": "#0"},
				"down": {"uv": [6.75, 2, 6, 3], "texture": "#0"}
			}
		},
		{
			"from": [6.87071, 1.90226, 4.78961],
			"to": [9.87071, 1.90226, 8.58961],
			"rotation": {"x": -47.97273, "y": -51.38392, "z": 2.85586, "origin": [8.3625, 1.06508, 7.31449]},
			"faces": {
				"north": {"uv": [0, 0, 0.75, 0], "texture": "#0"},
				"east": {"uv": [0, 0, 1, 0], "texture": "#0"},
				"south": {"uv": [0, 0, 0.75, 0], "texture": "#0"},
				"west": {"uv": [0, 0, 1, 0], "texture": "#0"},
				"up": {"uv": [6.75, 5, 6, 4], "texture": "#0"},
				"down": {"uv": [6.75, 4, 6, 5], "texture": "#0"}
			}
		},
		{
			"from": [7.5, 1.25, 8.95],
			"to": [8.5, 2.05, 10.9],
			"rotation": {"angle": 7.5, "axis": "x", "origin": [7, -4.95, 11]},
			"faces": {
				"north": {"uv": [7.5, 2.5, 7.75, 2.75], "texture": "#0"},
				"east": {"uv": [7, 6, 7.5, 6.25], "texture": "#0"},
				"south": {"uv": [7.5, 2.75, 7.75, 3], "texture": "#0"},
				"west": {"uv": [7, 6.25, 7.5, 6.5], "texture": "#0"},
				"up": {"uv": [7.25, 7, 7, 6.5], "texture": "#0"},
				"down": {"uv": [7.25, 7, 7, 7.5], "texture": "#0"}
			}
		},
		{
			"from": [7.5, 1.08385, 3.72933],
			"to": [8.5, 1.88385, 5.67933],
			"rotation": {"angle": -35, "axis": "x", "origin": [8, 1.48385, 4.70433]},
			"faces": {
				"north": {"uv": [7.5, 3, 7.75, 3.25], "texture": "#0"},
				"east": {"uv": [6, 7.25, 6.5, 7.5], "texture": "#0"},
				"south": {"uv": [7.5, 3.25, 7.75, 3.5], "texture": "#0"},
				"west": {"uv": [6.5, 7.25, 7, 7.5], "texture": "#0"},
				"up": {"uv": [7.5, 7, 7.25, 6.5], "texture": "#0"},
				"down": {"uv": [7.5, 7, 7.25, 7.5], "texture": "#0"}
			}
		},
		{
			"from": [7.7, -0.01615, 2.82933],
			"to": [8.3, 0.58385, 4.77933],
			"rotation": {"x": -75, "y": 0, "z": 0, "origin": [8, 0.18385, 3.80433]},
			"faces": {
				"north": {"uv": [7.5, 3.5, 7.75, 3.75], "texture": "#0"},
				"east": {"uv": [7.5, 0.5, 8, 0.75], "texture": "#0"},
				"south": {"uv": [7.5, 3.75, 7.75, 4], "texture": "#0"},
				"west": {"uv": [7.5, 0.75, 8, 1], "texture": "#0"},
				"up": {"uv": [7.75, 1.5, 7.5, 1], "texture": "#0"},
				"down": {"uv": [7.75, 1.5, 7.5, 2], "texture": "#0"}
			}
		}
	],
	"display": {
		"thirdperson_righthand": {
			"rotation": [-1.52, 0.96, 2.31],
			"translation": [0, 6.75, 1],
			"scale": [0.9, 0.9, 0.9]
		},
		"thirdperson_lefthand": {
			"rotation": [-1.52, 0.96, 2.31],
			"translation": [0, 6.75, 1],
			"scale": [0.9, 0.9, 0.9]
		},
		"firstperson_righthand": {
			"rotation": [-14.77, 8.95, 4.02],
			"translation": [0, 6.25, 0],
			"scale": [0.8, 0.8, 0.8]
		},
		"firstperson_lefthand": {
			"rotation": [-14.77, 8.95, 4.02],
			"translation": [0, 6.25, 0],
			"scale": [0.8, 0.8, 0.8]
		},
		"ground": {
			"translation": [0, 8.5, 0]
		},
		"gui": {
			"rotation": [54.9, -21.69, 41],
			"translation": [1, -0.75, 0],
			"scale": [0.7, 0.7, 0.7]
		},
		"fixed": {
			"rotation": [-180, -90, 0],
			"translation": [0, -14.75, -0.5],
			"scale": [2, 2, 2]
		},
		"on_shelf": {
			"rotation": [0, 83, 177]
		}
	}
}