{
	"format_version": "1.21.10",
	"credit": "Made with Blockbench",
	"texture_size": [32, 32],
	"textures": {
		"0": "item/crown",
		"particle": "item/crown"
	},
	"elements": [
		{
			"from": [3, -1, 13],
			"to": [14, 2, 14],
			"rotation": {"angle": 0, "axis": "y", "origin": [7, 0, 12]},
			"faces": {
				"north": {"uv": [0, 0, 5.5, 1.5], "texture": "#0"},
				"east": {"uv": [9.5, 6, 10, 7.5], "texture": "#0"},
				"south": {"uv": [0, 1.5, 5.5, 3], "texture": "#0"},
				"west": {"uv": [9.5, 7.5, 10, 9], "texture": "#0"},
				"up": {"uv": [11, 2.5, 5.5, 2], "texture": "#0"},
				"down": {"uv": [11, 2.5, 5.5, 3], "texture": "#0"}
			}
		},
		{
			"from": [3, 0, 3],
			"to": [14, 2, 4],
			"rotation": {"angle": 0, "axis": "y", "origin": [7, 0, 5]},
			"faces": {
				"north": {"uv": [0, 3, 5.5, 4], "texture": "#0"},
				"east": {"uv": [2, 10, 2.5, 11], "texture": "#0"},
				"south": {"uv": [0, 4, 5.5, 5], "texture": "#0"},
				"west": {"uv": [2.5, 10, 3, 11], "texture": "#0"},
				"up": {"uv": [11, 3.5, 5.5, 3], "texture": "#0"},
				"down": {"uv": [11, 3.5, 5.5, 4], "texture": "#0"}
			}
		},
		{
			"from": [8, 1, 2.75],
			"to": [9, 5, 3.75],
			"rotation": {"angle": -7.5, "axis": "x", "origin": [7, 1, 4.75]},
			"faces": {
				"north": {"uv": [6, 6, 6.5, 8], "texture": "#0"},
				"east": {"uv": [6.5, 6, 7, 8], "texture": "#0"},
				"south": {"uv": [7, 6, 7.5, 8], "texture": "#0"},
				"west": {"uv": [7.5, 6, 8, 8], "texture": "#0"},
				"up": {"uv": [5, 10.5, 4.5, 10], "texture": "#0"},
				"down": {"uv": [5.5, 10, 5, 10.5], "texture": "#0"}
			}
		},
		{
			"from": [2.75, -0.5, 5.75],
			"to": [3.75, 3.5, 6.75],
			"rotation": {"angle": -7.5, "axis": "x", "origin": [1.75, -0.5, 7.75]},
			"faces": {
				"north": {"uv": [2, 8, 2.5, 10], "texture": "#0"},
				"east": {"uv": [2.5, 8, 3, 10], "texture": "#0"},
				"south": {"uv": [3, 8, 3.5, 10], "texture": "#0"},
				"west": {"uv": [3.5, 8, 4, 10], "texture": "#0"},
				"up": {"uv": [10.5, 6, 10, 5.5], "texture": "#0"},
				"down": {"uv": [6.5, 10, 6, 10.5], "texture": "#0"}
			}
		},
		{
			"from": [2.75, -0.75, 8.75],
			"to": [3.75, 3.25, 9.75],
			"rotation": {"angle": -7.5, "axis": "x", "origin": [1.75, -0.75, 10.75]},
			"faces": {
				"north": {"uv": [4, 8, 4.5, 10], "texture": "#0"},
				"east": {"uv": [4.5, 8, 5, 10], "texture": "#0"},
				"south": {"uv": [5, 8, 5.5, 10], "texture": "#0"},
				"west": {"uv": [5.5, 8, 6, 10], "texture": "#0"},
				"up": {"uv": [10.5, 6.5, 10, 6], "texture": "#0"},
				"down": {"uv": [7, 10, 6.5, 10.5], "texture": "#0"}
			}
		},
		{
			"from": [2.75, -1.25, 11.75],
			"to": [3.75, 2.75, 13.75],
			"rotation": {"angle": -7.5, "axis": "x", "origin": [1.75, -1.25, 13.75]},
			"faces": {
				"north": {"uv": [6, 8, 6.5, 10], "texture": "#0"},
				"east": {"uv": [2, 6, 3, 8], "texture": "#0"},
				"south": {"uv": [8, 6, 8.5, 8], "texture": "#0"},
				"west": {"uv": [3, 6, 4, 8], "texture": "#0"},
				"up": {"uv": [3.5, 11, 3, 10], "texture": "#0"},
				"down": {"uv": [4, 10, 3.5, 11], "texture": "#0"}
			}
		},
		{
			"from": [13.25, -1.25, 11.75],
			"to": [14.25, 2.75, 13.75],
			"rotation": {"angle": -7.5, "axis": "x", "origin": [15.25, -1.25, 13.75]},
			"faces": {
				"north": {"uv": [6, 8, 6.5, 10], "texture": "#0"},
				"east": {"uv": [2, 6, 3, 8], "texture": "#0"},
				"south": {"uv": [8, 6, 8.5, 8], "texture": "#0"},
				"west": {"uv": [3, 6, 4, 8], "texture": "#0"},
				"up": {"uv": [3.5, 11, 3, 10], "texture": "#0"},
				"down": {"uv": [4, 10, 3.5, 11], "texture": "#0"}
			}
		},
		{
			"from": [13.25, -0.75, 8.75],
			"to": [14.25, 3.25, 9.75],
			"rotation": {"angle": -7.5, "axis": "x", "origin": [15.25, -0.75, 10.75]},
			"faces": {
				"north": {"uv": [8.5, 6, 9, 8], "texture": "#0"},
				"east": {"uv": [8.5, 8, 9, 10], "texture": "#0"},
				"south": {"uv": [9, 4, 9.5, 6], "texture": "#0"},
				"west": {"uv": [9, 6, 9.5, 8], "texture": "#0"},
				"up": {"uv": [10.5, 7.5, 10, 7], "texture": "#0"},
				"down": {"uv": [8, 10, 7.5, 10.5], "texture": "#0"}
			}
		},
		{
			"from": [13.25, -0.5, 5.75],
			"to": [14.25, 3.5, 6.75],
			"rotation": {"angle": -7.5, "axis": "x", "origin": [15.25, -0.5, 7.75]},
			"faces": {
				"north": {"uv": [6.5, 8, 7, 10], "texture": "#0"},
				"east": {"uv": [7, 8, 7.5, 10], "texture": "#0"},
				"south": {"uv": [7.5, 8, 8, 10], "texture": "#0"},
				"west": {"uv": [8, 8, 8.5, 10], "texture": "#0"},
				"up": {"uv": [10.5, 7, 10, 6.5], "texture": "#0"},
				"down": {"uv": [7.5, 10, 7, 10.5], "texture": "#0"}
			}
		},
		{
			"from": [7, 3, 2.75],
			"to": [10, 4, 3.75],
			"rotation": {"angle": -7.5, "axis": "x", "origin": [10, 2, 4.75]},
			"faces": {
				"north": {"uv": [5.5, 4, 7, 4.5], "texture": "#0"},
				"east": {"uv": [10, 5, 10.5, 5.5], "texture": "#0"},
				"south": {"uv": [5.5, 4.5, 7, 5], "texture": "#0"},
				"west": {"uv": [5.5, 10, 6, 10.5], "texture": "#0"},
				"up": {"uv": [8.5, 4.5, 7, 4], "texture": "#0"},
				"down": {"uv": [8.5, 4.5, 7, 5], "texture": "#0"}
			}
		},
		{
			"from": [3, 0, 4],
			"to": [4, 2, 13],
			"rotation": {"angle": 0, "axis": "y", "origin": [5, 0, 6]},
			"faces": {
				"north": {"uv": [8.5, 4, 9, 5], "texture": "#0"},
				"east": {"uv": [0, 5, 4.5, 6], "texture": "#0"},
				"south": {"uv": [9.5, 9, 10, 10], "texture": "#0"},
				"west": {"uv": [4.5, 5, 9, 6], "texture": "#0"},
				"up": {"uv": [0.5, 10.5, 0, 6], "texture": "#0"},
				"down": {"uv": [1, 6, 0.5, 10.5], "texture": "#0"}
			}
		},
		{
			"from": [13, 0, 4],
			"to": [14, 2, 13],
			"rotation": {"angle": 0, "axis": "y", "origin": [12, 0, 6]},
			"faces": {
				"north": {"uv": [10, 0, 10.5, 1], "texture": "#0"},
				"east": {"uv": [5.5, 0, 10, 1], "texture": "#0"},
				"south": {"uv": [10, 1, 10.5, 2], "texture": "#0"},
				"west": {"uv": [5.5, 1, 10, 2], "texture": "#0"},
				"up": {"uv": [1.5, 10.5, 1, 6], "texture": "#0"},
				"down": {"uv": [2, 6, 1.5, 10.5], "texture": "#0"}
			}
		}
	],
	"display": {
		"head": {
			"rotation": [6.74, -2.13, 1.03],
			"translation": [-0.5, 12.5, 0.25],
			"scale": [1.3, 1.3, 1.3]
		}
	}
}