{
	"format_version": "1.21.11",
	"credit": "Made with Blockbench",
	"texture_size": [32, 32],
	"textures": {
		"0": "item/entia_wings",
		"particle": "item/entia_wings"
	},
	"elements": [
		{
			"from": [1.5, 3.5, 12.25],
			"to": [2.5, 11.5, 15.25],
			"rotation": {"x": -164.98965, "y": 54.11908, "z": -179.21527, "origin": [1, 5.5, 12.25]},
			"faces": {
				"north": {"uv": [10, 9.5, 10.5, 13.5], "texture": "#0"},
				"east": {"uv": [3, 9.5, 4.5, 13.5], "texture": "#0"},
				"south": {"uv": [10.5, 9.5, 11, 13.5], "texture": "#0"},
				"west": {"uv": [4.5, 9.5, 6, 13.5], "texture": "#0"},
				"up": {"uv": [12, 9, 11.5, 7.5], "texture": "#0"},
				"down": {"uv": [8.5, 11.5, 8, 13], "texture": "#0"}
			}
		},
		{
			"from": [1.75, -2.5, 10.25],
			"to": [2.25, 9.5, 13.25],
			"rotation": {"x": -154.98965, "y": 54.11908, "z": -179.21527, "origin": [1, 5.5, 12.25]},
			"faces": {
				"north": {"uv": [9, 9.5, 9.5, 15.5], "texture": "#0"},
				"east": {"uv": [0, 9.5, 1.5, 15.5], "texture": "#0"},
				"south": {"uv": [9.5, 9.5, 10, 15.5], "texture": "#0"},
				"west": {"uv": [1.5, 9.5, 3, 15.5], "texture": "#0"},
				"up": {"uv": [9, 13, 8.5, 11.5], "texture": "#0"},
				"down": {"uv": [12, 9, 11.5, 10.5], "texture": "#0"}
			}
		},
		{
			"from": [1.75, 0.5, 9.25],
			"to": [2.25, 7.5, 10.25],
			"rotation": {"x": -154.98965, "y": 54.11908, "z": -179.21527, "origin": [1, 5.5, 12.25]},
			"faces": {
				"north": {"uv": [11, 4, 11.5, 7.5], "texture": "#0"},
				"east": {"uv": [11, 7.5, 11.5, 11], "texture": "#0"},
				"south": {"uv": [11, 11, 11.5, 14.5], "texture": "#0"},
				"west": {"uv": [11.5, 4, 12, 7.5], "texture": "#0"},
				"up": {"uv": [12, 11, 11.5, 10.5], "texture": "#0"},
				"down": {"uv": [12, 11, 11.5, 11.5], "texture": "#0"}
			}
		},
		{
			"from": [2, -7.5, 4.25],
			"to": [2, 11.5, 15.25],
			"rotation": {"x": -154.98965, "y": 54.11908, "z": -179.21527, "origin": [1, 5.5, 12.25]},
			"faces": {
				"north": {"uv": [0, 0, 0, 9.5], "texture": "#0"},
				"east": {"uv": [0, 0, 5.5, 9.5], "texture": "#0"},
				"south": {"uv": [0, 0, 0, 9.5], "texture": "#0"},
				"west": {"uv": [5.5, 0, 0, 9.5], "texture": "#0"},
				"up": {"uv": [0, 5.5, 0, 0], "texture": "#0"},
				"down": {"uv": [0, 0, 0, 5.5], "texture": "#0"}
			}
		},
		{
			"from": [0, -1, 11],
			"to": [1.75, 3, 14],
			"rotation": {"x": -15.75192, "y": 50.27984, "z": 14.29088, "origin": [0, 1, 11]},
			"faces": {
				"north": {"uv": [11, 0, 12, 2], "texture": "#0"},
				"east": {"uv": [6, 9.5, 7.5, 11.5], "texture": "#0"},
				"south": {"uv": [11, 2, 12, 4], "texture": "#0"},
				"west": {"uv": [7.5, 9.5, 9, 11.5], "texture": "#0"},
				"up": {"uv": [7, 13, 6, 11.5], "texture": "#0"},
				"down": {"uv": [8, 11.5, 7, 13], "texture": "#0"}
			}
		},
		{
			"from": [12.5, 3.5, 12.25],
			"to": [13.5, 11.5, 15.25],
			"rotation": {"x": -164.98965, "y": -54.11908, "z": 179.21527, "origin": [14, 5.5, 12.25]},
			"faces": {
				"north": {"uv": [10.5, 9.5, 10, 13.5], "texture": "#0"},
				"east": {"uv": [6, 9.5, 4.5, 13.5], "texture": "#0"},
				"south": {"uv": [11, 9.5, 10.5, 13.5], "texture": "#0"},
				"west": {"uv": [4.5, 9.5, 3, 13.5], "texture": "#0"},
				"up": {"uv": [11.5, 9, 12, 7.5], "texture": "#0"},
				"down": {"uv": [8, 11.5, 8.5, 13], "texture": "#0"}
			}
		},
		{
			"from": [13.25, -1, 11],
			"to": [15, 3, 14],
			"rotation": {"x": -15.75192, "y": -50.27984, "z": -14.29088, "origin": [15, 1, 11]},
			"faces": {
				"north": {"uv": [12, 0, 11, 2], "texture": "#0"},
				"east": {"uv": [9, 9.5, 7.5, 11.5], "texture": "#0"},
				"south": {"uv": [12, 2, 11, 4], "texture": "#0"},
				"west": {"uv": [7.5, 9.5, 6, 11.5], "texture": "#0"},
				"up": {"uv": [6, 13, 7, 11.5], "texture": "#0"},
				"down": {"uv": [7, 11.5, 8, 13], "texture": "#0"}
			}
		},
		{
			"from": [13, -7.5, 4.25],
			"to": [13, 11.5, 15.25],
			"rotation": {"x": -154.98965, "y": -54.11908, "z": 179.21527, "origin": [14, 5.5, 12.25]},
			"faces": {
				"north": {"uv": [0, 0, 0, 9.5], "texture": "#0"},
				"east": {"uv": [0, 0, 5.5, 9.5], "texture": "#0"},
				"south": {"uv": [0, 0, 0, 9.5], "texture": "#0"},
				"west": {"uv": [5.5, 0, 0, 9.5], "texture": "#0"},
				"up": {"uv": [0, 5.5, 0, 0], "texture": "#0"},
				"down": {"uv": [0, 0, 0, 5.5], "texture": "#0"}
			}
		},
		{
			"from": [12.75, -2.5, 10.25],
			"to": [13.25, 9.5, 13.25],
			"rotation": {"x": -154.98965, "y": -54.11908, "z": 179.21527, "origin": [14, 5.5, 12.25]},
			"faces": {
				"north": {"uv": [9.5, 9.5, 9, 15.5], "texture": "#0"},
				"east": {"uv": [3, 9.5, 1.5, 15.5], "texture": "#0"},
				"south": {"uv": [10, 9.5, 9.5, 15.5], "texture": "#0"},
				"west": {"uv": [1.5, 9.5, 0, 15.5], "texture": "#0"},
				"up": {"uv": [8.5, 13, 9, 11.5], "texture": "#0"},
				"down": {"uv": [11.5, 9, 12, 10.5], "texture": "#0"}
			}
		},
		{
			"from": [12.75, 0.5, 9.25],
			"to": [13.25, 7.5, 10.25],
			"rotation": {"x": -154.98965, "y": -54.11908, "z": 179.21527, "origin": [14, 5.5, 12.25]},
			"faces": {
				"north": {"uv": [11.5, 4, 11, 7.5], "texture": "#0"},
				"east": {"uv": [12, 4, 11.5, 7.5], "texture": "#0"},
				"south": {"uv": [11.5, 11, 11, 14.5], "texture": "#0"},
				"west": {"uv": [11.5, 7.5, 11, 11], "texture": "#0"},
				"up": {"uv": [11.5, 11, 12, 10.5], "texture": "#0"},
				"down": {"uv": [11.5, 11, 12, 11.5], "texture": "#0"}
			}
		}
	],
	"display": {
		"firstperson_righthand": {
			"translation": [4, 9.25, -5.5]
		},
		"firstperson_lefthand": {
			"translation": [4, 9.25, -5.5]
		},
		"ground": {
			"translation": [0, 6.75, 0]
		},
		"gui": {
			"translation": [0, 2.5, 0],
			"scale": [0.6, 0.6, 0.6]
		},
		"head": {
			"translation": [0.5, 11, 0]
		},
		"fixed": {
			"rotation": [0, -180, 0],
			"translation": [0, 2.75, 2.25]
		},
		"on_shelf": {
			"scale": [0.7, 0.7, 0.7]
		}
	}
}