{
	"format_version": "1.21.11",
	"credit": "Made with Blockbench",
	"texture_size": [64, 64],
	"textures": {
		"0": "item/gnarly_crown",
		"particle": "item/gnarly_crown"
	},
	"elements": [
		{
			"from": [1, 0, 1],
			"to": [15, 2, 15],
			"rotation": {"angle": 0, "axis": "y", "origin": [1, 0, 1]},
			"faces": {
				"north": {"uv": [0, 11, 3.5, 11.5], "texture": "#0"},
				"east": {"uv": [3.5, 11, 7, 11.5], "texture": "#0"},
				"south": {"uv": [7, 11, 10.5, 11.5], "texture": "#0"},
				"west": {"uv": [10.5, 11, 14, 11.5], "texture": "#0"},
				"up": {"uv": [3.5, 3.5, 0, 0], "texture": "#0"},
				"down": {"uv": [3.5, 3.5, 0, 7], "texture": "#0"}
			}
		},
		{
			"from": [2, 2, 2],
			"to": [14, 6, 14],
			"rotation": {"angle": 0, "axis": "y", "origin": [1, 0, 1]},
			"faces": {
				"north": {"uv": [10.5, 4, 13.5, 5], "texture": "#0"},
				"east": {"uv": [10.5, 5, 13.5, 6], "texture": "#0"},
				"south": {"uv": [10.5, 6, 13.5, 7], "texture": "#0"},
				"west": {"uv": [10.5, 10, 13.5, 11], "texture": "#0"},
				"up": {"uv": [3, 10, 0, 7], "texture": "#0"},
				"down": {"uv": [10, 0, 7, 3], "texture": "#0"}
			}
		},
		{
			"from": [1.25, 6, 1.25],
			"to": [14.75, 11, 14.75],
			"rotation": {"angle": 0, "axis": "y", "origin": [1, 5, 1]},
			"faces": {
				"north": {"uv": [12.5, 11.5, 16, 12.75], "texture": "#0"},
				"east": {"uv": [9, 13, 12.5, 14.25], "texture": "#0"},
				"south": {"uv": [12.5, 12.75, 16, 14], "texture": "#0"},
				"west": {"uv": [12.5, 14, 16, 15.25], "texture": "#0"},
				"up": {"uv": [7, 3.5, 3.5, 0], "texture": "#0"},
				"down": {"uv": [7, 3.5, 3.5, 7], "texture": "#0"}
			}
		},
		{
			"from": [1, 5.5, 15.5],
			"to": [15, 9.5, 15.5],
			"rotation": {"angle": 15, "axis": "x", "origin": [1, 5.5, 1.5]},
			"faces": {
				"north": {"uv": [7, 3, 10.5, 4], "texture": "#0"},
				"east": {"uv": [0, 0, 0, 1], "texture": "#0"},
				"south": {"uv": [7, 3, 10.5, 4], "texture": "#0"},
				"west": {"uv": [0, 0, 0, 1], "texture": "#0"},
				"up": {"uv": [3.5, 0, 0, 0], "texture": "#0"},
				"down": {"uv": [3.5, 0, 0, 0], "texture": "#0"}
			}
		},
		{
			"from": [1, 8.5, 14.5],
			"to": [15, 12.5, 14.5],
			"rotation": {"angle": 15, "axis": "x", "origin": [1, 8.5, 0.5]},
			"faces": {
				"north": {"uv": [10, 0, 13.5, 1], "texture": "#0"},
				"east": {"uv": [0, 0, 0, 1], "texture": "#0"},
				"south": {"uv": [10, 0, 13.5, 1], "texture": "#0"},
				"west": {"uv": [0, 0, 0, 1], "texture": "#0"},
				"up": {"uv": [3.5, 0, 0, 0], "texture": "#0"},
				"down": {"uv": [3.5, 0, 0, 0], "texture": "#0"}
			}
		},
		{
			"from": [1, 5.5, 0.5],
			"to": [15, 9.5, 0.5],
			"rotation": {"angle": -15, "axis": "x", "origin": [1, 5.5, 14.5]},
			"faces": {
				"north": {"uv": [7, 4, 10.5, 5], "texture": "#0"},
				"east": {"uv": [0, 0, 0, 1], "texture": "#0"},
				"south": {"uv": [7, 4, 10.5, 5], "texture": "#0"},
				"west": {"uv": [0, 0, 0, 1], "texture": "#0"},
				"up": {"uv": [3.5, 0, 0, 0], "texture": "#0"},
				"down": {"uv": [3.5, 0, 0, 0], "texture": "#0"}
			}
		},
		{
			"from": [1, 8.5, 1.5],
			"to": [15, 12.5, 1.5],
			"rotation": {"angle": -15, "axis": "x", "origin": [1, 8.5, 15.5]},
			"faces": {
				"north": {"uv": [3.5, 10, 7, 11], "texture": "#0"},
				"east": {"uv": [0, 0, 0, 1], "texture": "#0"},
				"south": {"uv": [3.5, 10, 7, 11], "texture": "#0"},
				"west": {"uv": [0, 0, 0, 1], "texture": "#0"},
				"up": {"uv": [3.5, 0, 0, 0], "texture": "#0"},
				"down": {"uv": [3.5, 0, 0, 0], "texture": "#0"}
			}
		},
		{
			"from": [0.5, 5.5, 1],
			"to": [0.5, 9.5, 15],
			"rotation": {"angle": 15, "axis": "z", "origin": [14.5, 5.5, 15]},
			"faces": {
				"north": {"uv": [0, 0, 0, 1], "texture": "#0"},
				"east": {"uv": [6.5, 7, 10, 8], "texture": "#0"},
				"south": {"uv": [0, 0, 0, 1], "texture": "#0"},
				"west": {"uv": [6.5, 7, 10, 8], "texture": "#0"},
				"up": {"uv": [0, 3.5, 0, 0], "texture": "#0"},
				"down": {"uv": [0, 0, 0, 3.5], "texture": "#0"}
			}
		},
		{
			"from": [1.5, 8.5, 1],
			"to": [1.5, 12.5, 15],
			"rotation": {"angle": 15, "axis": "z", "origin": [15.5, 8.5, 15]},
			"faces": {
				"north": {"uv": [0, 0, 0, 1], "texture": "#0"},
				"east": {"uv": [6.5, 9, 10, 10], "texture": "#0"},
				"south": {"uv": [0, 0, 0, 1], "texture": "#0"},
				"west": {"uv": [6.5, 9, 10, 10], "texture": "#0"},
				"up": {"uv": [0, 3.5, 0, 0], "texture": "#0"},
				"down": {"uv": [0, 0, 0, 3.5], "texture": "#0"}
			}
		},
		{
			"from": [15.5, 5.5, 1],
			"to": [15.5, 9.5, 15],
			"rotation": {"angle": -15, "axis": "z", "origin": [1.5, 5.5, 15]},
			"faces": {
				"north": {"uv": [0, 0, 0, 1], "texture": "#0"},
				"east": {"uv": [3, 8, 6.5, 9], "texture": "#0"},
				"south": {"uv": [0, 0, 0, 1], "texture": "#0"},
				"west": {"uv": [3, 8, 6.5, 9], "texture": "#0"},
				"up": {"uv": [0, 3.5, 0, 0], "texture": "#0"},
				"down": {"uv": [0, 0, 0, 3.5], "texture": "#0"}
			}
		},
		{
			"from": [14.5, 8.5, 1],
			"to": [14.5, 12.5, 15],
			"rotation": {"angle": -15, "axis": "z", "origin": [0.5, 8.5, 15]},
			"faces": {
				"north": {"uv": [0, 0, 0, 1], "texture": "#0"},
				"east": {"uv": [10, 1, 13.5, 2], "texture": "#0"},
				"south": {"uv": [0, 0, 0, 1], "texture": "#0"},
				"west": {"uv": [10, 1, 13.5, 2], "texture": "#0"},
				"up": {"uv": [0, 3.5, 0, 0], "texture": "#0"},
				"down": {"uv": [0, 0, 0, 3.5], "texture": "#0"}
			}
		},
		{
			"from": [0.75, 0.25, 7],
			"to": [1.25, 8.25, 9],
			"rotation": {"angle": 12.5, "axis": "z", "origin": [0.25, 0.25, 7]},
			"faces": {
				"north": {"uv": [2, 11.5, 2.25, 13.5], "texture": "#0"},
				"east": {"uv": [0, 11.5, 0.5, 13.5], "texture": "#0"},
				"south": {"uv": [2.25, 11.5, 2.5, 13.5], "texture": "#0"},
				"west": {"uv": [0.5, 11.5, 1, 13.5], "texture": "#0"},
				"up": {"uv": [11.25, 12, 11, 11.5], "texture": "#0"},
				"down": {"uv": [11.5, 11.5, 11.25, 12], "texture": "#0"}
			}
		},
		{
			"from": [-1, 8.05, 7],
			"to": [-0.5, 11.05, 9],
			"rotation": {"angle": 5, "axis": "z", "origin": [-1.5, 8.05, 7]},
			"faces": {
				"north": {"uv": [10, 11.5, 10.25, 12.25], "texture": "#0"},
				"east": {"uv": [5, 11.5, 5.5, 12.25], "texture": "#0"},
				"south": {"uv": [10.25, 11.5, 10.5, 12.25], "texture": "#0"},
				"west": {"uv": [5.5, 11.5, 6, 12.25], "texture": "#0"},
				"up": {"uv": [11.75, 12, 11.5, 11.5], "texture": "#0"},
				"down": {"uv": [12, 11.5, 11.75, 12], "texture": "#0"}
			}
		},
		{
			"from": [-1.2, 11.2, 7],
			"to": [-0.7, 12.2, 9],
			"rotation": {"angle": -15, "axis": "z", "origin": [-1.7, 11.2, 7]},
			"faces": {
				"north": {"uv": [10.5, 12.25, 10.75, 12.5], "texture": "#0"},
				"east": {"uv": [7, 12, 7.5, 12.25], "texture": "#0"},
				"south": {"uv": [10.75, 12.25, 11, 12.5], "texture": "#0"},
				"west": {"uv": [7.5, 12, 8, 12.25], "texture": "#0"},
				"up": {"uv": [8.75, 12.5, 8.5, 12], "texture": "#0"},
				"down": {"uv": [9, 12, 8.75, 12.5], "texture": "#0"}
			}
		},
		{
			"from": [-0.7, 12.45, 7],
			"to": [-0.2, 14.45, 9],
			"rotation": {"x": 0, "y": 0, "z": -62.5, "origin": [-1.2, 12.45, 7]},
			"faces": {
				"north": {"uv": [9, 12, 9.25, 12.5], "texture": "#0"},
				"east": {"uv": [7, 11.5, 7.5, 12], "texture": "#0"},
				"south": {"uv": [9.25, 12, 9.5, 12.5], "texture": "#0"},
				"west": {"uv": [7.5, 11.5, 8, 12], "texture": "#0"},
				"up": {"uv": [11.25, 12.5, 11, 12], "texture": "#0"},
				"down": {"uv": [11.5, 12, 11.25, 12.5], "texture": "#0"}
			}
		},
		{
			"from": [1.05, 14.45, 7],
			"to": [1.55, 18.7, 9],
			"rotation": {"x": 0, "y": 0, "z": -130, "origin": [0.55, 13.7, 7]},
			"faces": {
				"north": {"uv": [8, 11.5, 8.25, 12.5], "texture": "#0"},
				"east": {"uv": [2.5, 11.5, 3, 12.5], "texture": "#0"},
				"south": {"uv": [8.25, 11.5, 8.5, 12.5], "texture": "#0"},
				"west": {"uv": [3, 11.5, 3.5, 12.5], "texture": "#0"},
				"up": {"uv": [11.75, 12.5, 11.5, 12], "texture": "#0"},
				"down": {"uv": [12.25, 11.5, 12, 12], "texture": "#0"}
			}
		},
		{
			"from": [14.45, 14.45, 7],
			"to": [14.95, 18.7, 9],
			"rotation": {"x": 0, "y": 0, "z": 130, "origin": [15.45, 13.7, 7]},
			"faces": {
				"north": {"uv": [9.5, 11.5, 9.75, 12.5], "texture": "#0"},
				"east": {"uv": [4, 11.5, 4.5, 12.5], "texture": "#0"},
				"south": {"uv": [9.75, 11.5, 10, 12.5], "texture": "#0"},
				"west": {"uv": [4.5, 11.5, 5, 12.5], "texture": "#0"},
				"up": {"uv": [10.25, 12.75, 10, 12.25], "texture": "#0"},
				"down": {"uv": [10.5, 12.25, 10.25, 12.75], "texture": "#0"}
			}
		},
		{
			"from": [16.2, 12.45, 7],
			"to": [16.7, 14.45, 9],
			"rotation": {"x": 0, "y": 0, "z": 62.5, "origin": [17.2, 12.45, 7]},
			"faces": {
				"north": {"uv": [7, 12.25, 7.25, 12.75], "texture": "#0"},
				"east": {"uv": [8.5, 11.5, 9, 12], "texture": "#0"},
				"south": {"uv": [7.25, 12.25, 7.5, 12.75], "texture": "#0"},
				"west": {"uv": [9, 11.5, 9.5, 12], "texture": "#0"},
				"up": {"uv": [7.75, 12.75, 7.5, 12.25], "texture": "#0"},
				"down": {"uv": [8, 12.25, 7.75, 12.75], "texture": "#0"}
			}
		},
		{
			"from": [16.5, 8.05, 7],
			"to": [17, 11.05, 9],
			"rotation": {"angle": -5, "axis": "z", "origin": [17.5, 8.05, 7]},
			"faces": {
				"north": {"uv": [10.5, 11.5, 10.75, 12.25], "texture": "#0"},
				"east": {"uv": [6, 11.5, 6.5, 12.25], "texture": "#0"},
				"south": {"uv": [10.75, 11.5, 11, 12.25], "texture": "#0"},
				"west": {"uv": [6.5, 11.5, 7, 12.25], "texture": "#0"},
				"up": {"uv": [6.75, 12.75, 6.5, 12.25], "texture": "#0"},
				"down": {"uv": [7, 12.25, 6.75, 12.75], "texture": "#0"}
			}
		},
		{
			"from": [16.7, 11.2, 7],
			"to": [17.2, 12.2, 9],
			"rotation": {"angle": 15, "axis": "z", "origin": [17.7, 11.2, 7]},
			"faces": {
				"north": {"uv": [12.25, 11.5, 12.5, 11.75], "texture": "#0"},
				"east": {"uv": [5, 12.25, 5.5, 12.5], "texture": "#0"},
				"south": {"uv": [12.25, 11.75, 12.5, 12], "texture": "#0"},
				"west": {"uv": [5.5, 12.25, 6, 12.5], "texture": "#0"},
				"up": {"uv": [6.25, 12.75, 6, 12.25], "texture": "#0"},
				"down": {"uv": [6.5, 12.25, 6.25, 12.75], "texture": "#0"}
			}
		},
		{
			"from": [14.75, 0.25, 7],
			"to": [15.25, 8.25, 9],
			"rotation": {"angle": -12.5, "axis": "z", "origin": [15.75, 0.25, 7]},
			"faces": {
				"north": {"uv": [3.5, 11.5, 3.75, 13.5], "texture": "#0"},
				"east": {"uv": [1, 11.5, 1.5, 13.5], "texture": "#0"},
				"south": {"uv": [3.75, 11.5, 4, 13.5], "texture": "#0"},
				"west": {"uv": [1.5, 11.5, 2, 13.5], "texture": "#0"},
				"up": {"uv": [12, 12.5, 11.75, 12], "texture": "#0"},
				"down": {"uv": [12.25, 12, 12, 12.5], "texture": "#0"}
			}
		}
	],
	"display": {
		"thirdperson_righthand": {
			"rotation": [12.92, 22.59, -26.13],
			"translation": [1.5, 0, 0],
			"scale": [0.3, 0.3, 0.3]
		},
		"thirdperson_lefthand": {
			"rotation": [12.92, 22.59, -26.13],
			"translation": [1.5, 0, 0],
			"scale": [0.3, 0.3, 0.3]
		},
		"firstperson_righthand": {
			"rotation": [48.49, -11.88, -56.8]
		},
		"firstperson_lefthand": {
			"rotation": [48.49, -11.88, -56.8]
		},
		"ground": {
			"translation": [0, 2.75, 0],
			"scale": [1.7, 1.7, 1.7]
		},
		"gui": {
			"rotation": [167.81, 60.45, -171.74],
			"translation": [0, 1.25, 0],
			"scale": [0.8, 0.8, 0.8]
		},
		"head": {
			"rotation": [4.5, -0.18, -2.25],
			"translation": [0.5, 12.75, 0.5],
			"scale": [1.1, 1.1, 1.1]
		},
		"on_shelf": {
			"rotation": [14.75, -180, 0]
		}
	}
}