{
	"format_version": "1.21.11",
	"credit": "Made with Blockbench",
	"texture_size": [128, 128],
	"textures": {
		"0": "item/old_hat",
		"particle": "item/old_hat"
	},
	"elements": [
		{
			"from": [0.9, 0.5, 0.9],
			"to": [15.1, 6.5, 15.1],
			"rotation": {"angle": 0, "axis": "y", "origin": [7, -0.5, 7]},
			"faces": {
				"north": {"uv": [2.5, 5, 4.25, 5.75], "texture": "#0"},
				"east": {"uv": [7, 4, 5.25, 4.75], "texture": "#0"},
				"south": {"uv": [5.25, 3.25, 7, 4], "texture": "#0"},
				"west": {"uv": [5.25, 4, 7, 4.75], "texture": "#0"},
				"up": {"uv": [1.75, 5, 0, 3.25], "texture": "#0"},
				"down": {"uv": [3.5, 3.25, 1.75, 5], "texture": "#0"}
			}
		},
		{
			"from": [0.8, -0.5, 0.8],
			"to": [15.2, 0.5, 15.2],
			"rotation": {"angle": 0, "axis": "y", "origin": [7, -0.5, 7]},
			"faces": {
				"north": {"uv": [5.25, 4.75, 7, 4.875], "texture": "#0"},
				"east": {"uv": [5.25, 4.875, 7, 5], "texture": "#0"},
				"south": {"uv": [5.75, 0, 7.5, 0.125], "texture": "#0"},
				"west": {"uv": [5.75, 0.125, 7.5, 0.25], "texture": "#0"},
				"up": {"uv": [5.25, 5, 3.5, 3.25], "texture": "#0"},
				"down": {"uv": [1.75, 5, 0, 6.75], "texture": "#0"}
			}
		},
		{
			"from": [0.9, 0, -5.1],
			"to": [21.1, 0, 21.1],
			"rotation": {"angle": -2.5, "axis": "z", "origin": [7, 0, 7]},
			"faces": {
				"north": {"uv": [0, 0, 2.5, 0], "texture": "#0"},
				"east": {"uv": [0, 0, 3.25, 0], "texture": "#0"},
				"south": {"uv": [0, 0, 2.5, 0], "texture": "#0"},
				"west": {"uv": [0, 0, 3.25, 0], "texture": "#0"},
				"up": {"uv": [2.5, 3.25, 0, 0], "texture": "#0"},
				"down": {"uv": [2.5, 0, 0, 3.25], "texture": "#0"}
			}
		},
		{
			"from": [-5.1, 0.25, -5.1],
			"to": [1.1, 0.25, 21.1],
			"rotation": {"angle": 7.5, "axis": "z", "origin": [1, 0.25, 7]},
			"faces": {
				"north": {"uv": [0, 0, 0.75, 0], "texture": "#0"},
				"east": {"uv": [0, 0, 3.25, 0], "texture": "#0"},
				"south": {"uv": [0, 0, 0.75, 0], "texture": "#0"},
				"west": {"uv": [0, 0, 3.25, 0], "texture": "#0"},
				"up": {"uv": [5.75, 3.25, 5, 0], "texture": "#0"},
				"down": {"uv": [5.75, 0, 5, 3.25], "texture": "#0"}
			}
		},
		{
			"from": [1.90428, 0.68474, 14.9],
			"to": [3.10428, 0.68474, 18.1],
			"rotation": {"x": -19.18246, "y": -23.7695, "z": 15.48205, "origin": [2.50428, 0.68474, 16.5]},
			"faces": {
				"north": {"uv": [0, 0, 0.125, 0], "texture": "#0"},
				"east": {"uv": [0, 0, 0.375, 0], "texture": "#0"},
				"south": {"uv": [0, 0, 0.125, 0], "texture": "#0"},
				"west": {"uv": [0, 0, 0.375, 0], "texture": "#0"},
				"up": {"uv": [2.625, 6.125, 2.5, 5.75], "texture": "#0"},
				"down": {"uv": [2.75, 5.75, 2.625, 6.125], "texture": "#0"}
			}
		},
		{
			"from": [0.65428, 0.78474, 17.65],
			"to": [1.85428, 0.78474, 22.85],
			"rotation": {"x": 3.31754, "y": -23.7695, "z": 15.48205, "origin": [1.25428, 0.78474, 19.25]},
			"faces": {
				"north": {"uv": [0, 0, 0.125, 0], "texture": "#0"},
				"east": {"uv": [0, 0, 0.625, 0], "texture": "#0"},
				"south": {"uv": [0, 0, 0.125, 0], "texture": "#0"},
				"west": {"uv": [0, 0, 0.625, 0], "texture": "#0"},
				"up": {"uv": [5.875, 0.875, 5.75, 0.25], "texture": "#0"},
				"down": {"uv": [5.875, 0.875, 5.75, 1.5], "texture": "#0"}
			}
		},
		{
			"from": [4.07792, 1.13288, 14.78652],
			"to": [5.27792, 1.13288, 17.98652],
			"rotation": {"x": -11.4796, "y": 5.27434, "z": -25.79853, "origin": [4.69311, 0.65315, 18.33182]},
			"faces": {
				"north": {"uv": [0, 0, 0.125, 0], "texture": "#0"},
				"east": {"uv": [0, 0, 0.375, 0], "texture": "#0"},
				"south": {"uv": [0, 0, 0.125, 0], "texture": "#0"},
				"west": {"uv": [0, 0, 0.375, 0], "texture": "#0"},
				"up": {"uv": [2.875, 6.125, 2.75, 5.75], "texture": "#0"},
				"down": {"uv": [5.875, 2.75, 5.75, 3.125], "texture": "#0"}
			}
		},
		{
			"from": [4.1083, 0.95437, 17.71263],
			"to": [5.3083, 0.95437, 22.91263],
			"rotation": {"x": 11.0204, "y": 5.27434, "z": -25.79853, "origin": [4.69311, 0.65315, 18.33182]},
			"faces": {
				"north": {"uv": [0, 0, 0.125, 0], "texture": "#0"},
				"east": {"uv": [0, 0, 0.625, 0], "texture": "#0"},
				"south": {"uv": [0, 0, 0.125, 0], "texture": "#0"},
				"west": {"uv": [0, 0, 0.625, 0], "texture": "#0"},
				"up": {"uv": [5.875, 2.125, 5.75, 1.5], "texture": "#0"},
				"down": {"uv": [5.875, 2.125, 5.75, 2.75], "texture": "#0"}
			}
		}
	],
	"display": {
		"thirdperson_righthand": {
			"rotation": [-41.87, 3.95, -11.07],
			"translation": [0, 1, -1.5],
			"scale": [0.4, 0.4, 0.4]
		},
		"thirdperson_lefthand": {
			"rotation": [-41.87, 3.95, -11.07],
			"translation": [0, 1, -1.5],
			"scale": [0.4, 0.4, 0.4]
		},
		"firstperson_righthand": {
			"rotation": [62.26, 27.51, -22.03],
			"translation": [5.5, 1.25, 0],
			"scale": [0.4, 0.4, 0.4]
		},
		"firstperson_lefthand": {
			"rotation": [62.26, 27.51, -22.03],
			"translation": [5.5, 1.25, 0],
			"scale": [0.4, 0.4, 0.4]
		},
		"ground": {
			"translation": [0, 5, 0]
		},
		"gui": {
			"rotation": [48.1, 24.92, -0.81],
			"translation": [0, 1.75, 0],
			"scale": [0.5, 0.5, 0.5]
		},
		"head": {
			"rotation": [1.5, 0, 3.75],
			"translation": [-0.25, 10.75, 0.25],
			"scale": [1.05, 1.05, 1.05]
		},
		"fixed": {
			"rotation": [-81.49, 3.95, -0.59],
			"translation": [0, 0, -10]
		},
		"on_shelf": {
			"rotation": [61.36, -8.14, 12.22],
			"translation": [0, 0, 8.5],
			"scale": [0.8, 0.8, 0.8]
		}
	}
}