{
	"format_version": "1.21.11",
	"credit": "Made with Blockbench",
	"texture_size": [32, 32],
	"textures": {
		"0": "item/revolver",
		"particle": "item/revolver"
	},
	"overrides": [
    	{
    	  "predicate": {
      	  "cast": 1
     	 },
      	"model": "item/fishing_rod_cast"
    	}
  	],
	"elements": [
		{
			"from": [7.25, 0, 14],
			"to": [8.75, 7, 16],
			"rotation": {"angle": -17.5, "axis": "x", "origin": [7, 0, 14]},
			"faces": {
				"north": {"uv": [2, 6.5, 3, 10], "texture": "#0"},
				"east": {"uv": [3, 6.5, 4, 10], "texture": "#0"},
				"south": {"uv": [4, 6.5, 5, 10], "texture": "#0"},
				"west": {"uv": [5, 6.5, 6, 10], "texture": "#0"},
				"up": {"uv": [11.5, 3.5, 10.5, 2.5], "texture": "#0"},
				"down": {"uv": [11.5, 7, 10.5, 8], "texture": "#0"}
			}
		},
		{
			"from": [7, 6.5, 13],
			"to": [9, 10, 16.5],
			"rotation": {"angle": -17.5, "axis": "x", "origin": [7, 0, 14]},
			"faces": {
				"north": {"uv": [6.5, 9.5, 7.5, 11.5], "texture": "#0"},
				"east": {"uv": [6, 4.5, 8, 6.5], "texture": "#0"},
				"south": {"uv": [2, 10, 3, 12], "texture": "#0"},
				"west": {"uv": [0, 6.5, 2, 8.5], "texture": "#0"},
				"up": {"uv": [4, 12, 3, 10], "texture": "#0"},
				"down": {"uv": [5, 10, 4, 12], "texture": "#0"}
			}
		},
		{
			"from": [7.75, 9.14458, 12.68793],
			"to": [8.25, 9.89458, 14.93793],
			"rotation": {"angle": -12.5, "axis": "x", "origin": [8, 9.51958, 13.81293]},
			"faces": {
				"north": {"uv": [12, 1, 12.5, 1.5], "texture": "#0"},
				"east": {"uv": [0, 11.5, 1, 12], "texture": "#0"},
				"south": {"uv": [1.5, 12, 2, 12.5], "texture": "#0"},
				"west": {"uv": [1, 11.5, 2, 12], "texture": "#0"},
				"up": {"uv": [12, 2, 11.5, 1], "texture": "#0"},
				"down": {"uv": [12, 2, 11.5, 3], "texture": "#0"}
			}
		},
		{
			"from": [7.75, 5.89458, 10.68793],
			"to": [8.25, 6.64458, 12.93793],
			"rotation": {"x": 110, "y": 0, "z": 0, "origin": [8, 6.26958, 11.81293]},
			"faces": {
				"north": {"uv": [12, 1, 12.5, 1.5], "texture": "#0"},
				"east": {"uv": [0, 11.5, 1, 12], "texture": "#0"},
				"south": {"uv": [1.5, 12, 2, 12.5], "texture": "#0"},
				"west": {"uv": [1, 11.5, 2, 12], "texture": "#0"},
				"up": {"uv": [12, 2, 11.5, 1], "texture": "#0"},
				"down": {"uv": [12, 2, 11.5, 3], "texture": "#0"}
			}
		},
		{
			"from": [8, 8.14458, 7.68793],
			"to": [8, 11.89458, 15.93793],
			"rotation": {"angle": -12.5, "axis": "x", "origin": [8, 9.51958, 13.81293]},
			"faces": {
				"north": {"uv": [0, 0, 0, 2], "texture": "#0"},
				"east": {"uv": [0, 2, 4, 4], "texture": "#0"},
				"south": {"uv": [0, 0, 0, 2], "texture": "#0"},
				"west": {"uv": [4, 2, 0, 4], "texture": "#0"},
				"up": {"uv": [0, 4, 0, 0], "texture": "#0"},
				"down": {"uv": [0, 0, 0, 4], "texture": "#0"}
			}
		},
		{
			"from": [6.75, 7.6573, 7.39772],
			"to": [9.25, 10.1573, 11.39772],
			"rotation": {"angle": 0, "axis": "x", "origin": [8, 9.1573, 9.39772]},
			"faces": {
				"north": {"uv": [9, 1, 10.5, 2.5], "texture": "#0"},
				"east": {"uv": [7, 3, 9, 4.5], "texture": "#0"},
				"south": {"uv": [9, 2.5, 10.5, 4], "texture": "#0"},
				"west": {"uv": [8, 4.5, 10, 6], "texture": "#0"},
				"up": {"uv": [9.5, 8, 8, 6], "texture": "#0"},
				"down": {"uv": [9.5, 8, 8, 10], "texture": "#0"}
			}
		},
		{
			"from": [7.1, 6.6573, 6.39772],
			"to": [8.9, 10.4073, 12.64772],
			"rotation": {"angle": 0, "axis": "x", "origin": [8, 9.1573, 9.39772]},
			"faces": {
				"north": {"uv": [10, 4, 11, 6], "texture": "#0"},
				"east": {"uv": [4, 2.5, 7, 4.5], "texture": "#0"},
				"south": {"uv": [5, 10, 6, 12], "texture": "#0"},
				"west": {"uv": [3, 4.5, 6, 6.5], "texture": "#0"},
				"up": {"uv": [1, 11.5, 0, 8.5], "texture": "#0"},
				"down": {"uv": [2, 8.5, 1, 11.5], "texture": "#0"}
			}
		},
		{
			"from": [7.3, 8.5573, -3.85228],
			"to": [8.75, 10.0073, 6.39772],
			"rotation": {"angle": 0, "axis": "x", "origin": [8, 9.6573, 3.14772]},
			"faces": {
				"north": {"uv": [8.5, 11.5, 9, 12], "texture": "#0"},
				"east": {"uv": [9, 0, 14, 0.5], "texture": "#0"},
				"south": {"uv": [11.5, 8.5, 12, 9], "texture": "#0"},
				"west": {"uv": [9, 0.5, 14, 1], "texture": "#0"},
				"up": {"uv": [6.5, 14.5, 6, 9.5], "texture": "#0"},
				"down": {"uv": [10, 6, 9.5, 11], "texture": "#0"}
			}
		},
		{
			"from": [7.55, 7.8073, -1.85228],
			"to": [8.5, 8.7573, 6.39772],
			"rotation": {"angle": 0, "axis": "x", "origin": [8, 8.6573, 3.14772]},
			"faces": {
				"north": {"uv": [9, 11.5, 9.5, 12], "texture": "#0"},
				"east": {"uv": [10, 6, 14, 6.5], "texture": "#0"},
				"south": {"uv": [11.5, 9, 12, 9.5], "texture": "#0"},
				"west": {"uv": [10, 6.5, 14, 7], "texture": "#0"},
				"up": {"uv": [8, 13.5, 7.5, 9.5], "texture": "#0"},
				"down": {"uv": [10.5, 7, 10, 11], "texture": "#0"}
			}
		},
		{
			"from": [7.8, 9.8073, -3.35228],
			"to": [8.25, 10.2573, -2.10228],
			"rotation": {"angle": 10, "axis": "x", "origin": [8.025, 10.0323, -2.72728]},
			"faces": {
				"north": {"uv": [11.5, 9.5, 12, 10], "texture": "#0"},
				"east": {"uv": [11.5, 11, 12, 11.5], "texture": "#0"},
				"south": {"uv": [11.5, 11.5, 12, 12], "texture": "#0"},
				"west": {"uv": [0, 12, 0.5, 12.5], "texture": "#0"},
				"up": {"uv": [1, 12.5, 0.5, 12], "texture": "#0"},
				"down": {"uv": [1.5, 12, 1, 12.5], "texture": "#0"}
			}
		},
		{
			"from": [7.65, 4, 9.5],
			"to": [8.35, 4.5, 12.75],
			"rotation": {"angle": 0, "axis": "y", "origin": [7, 0, 12.5]},
			"faces": {
				"north": {"uv": [11.5, 3, 12, 3.5], "texture": "#0"},
				"east": {"uv": [10.5, 10.5, 12, 11], "texture": "#0"},
				"south": {"uv": [11.5, 4.5, 12, 5], "texture": "#0"},
				"west": {"uv": [11, 4, 12.5, 4.5], "texture": "#0"},
				"up": {"uv": [9.5, 11.5, 9, 10], "texture": "#0"},
				"down": {"uv": [11.5, 4.5, 11, 6], "texture": "#0"}
			}
		},
		{
			"from": [7.65, 4.1, 8.55],
			"to": [8.35, 6.1, 9.05],
			"rotation": {"angle": -10, "axis": "x", "origin": [7, 4.1, 4.55]},
			"faces": {
				"north": {"uv": [9.5, 11, 10, 12], "texture": "#0"},
				"east": {"uv": [10, 11, 10.5, 12], "texture": "#0"},
				"south": {"uv": [10.5, 11, 11, 12], "texture": "#0"},
				"west": {"uv": [11, 11, 11.5, 12], "texture": "#0"},
				"up": {"uv": [8.5, 12, 8, 11.5], "texture": "#0"},
				"down": {"uv": [12, 8, 11.5, 8.5], "texture": "#0"}
			}
		},
		{
			"from": [8, 3.1, 3.55],
			"to": [8, 8.1, 9.05],
			"rotation": {"angle": -10, "axis": "x", "origin": [7, 4.1, 4.55]},
			"faces": {
				"north": {"uv": [0, 0, 0, 2.5], "texture": "#0"},
				"east": {"uv": [0, 4, 3, 6.5], "texture": "#0"},
				"south": {"uv": [0, 0, 0, 2.5], "texture": "#0"},
				"west": {"uv": [3, 4, 0, 6.5], "texture": "#0"},
				"up": {"uv": [0, 3, 0, 0], "texture": "#0"},
				"down": {"uv": [0, 0, 0, 3], "texture": "#0"}
			}
		},
		{
			"from": [7.65, 4.06178, 8.42719],
			"to": [8.35, 4.56178, 9.67719],
			"rotation": {"angle": 37.5, "axis": "x", "origin": [8, 4.31178, 9.42719]},
			"faces": {
				"north": {"uv": [11.5, 5, 12, 5.5], "texture": "#0"},
				"east": {"uv": [11.5, 5.5, 12, 6], "texture": "#0"},
				"south": {"uv": [6.5, 11.5, 7, 12], "texture": "#0"},
				"west": {"uv": [7, 11.5, 7.5, 12], "texture": "#0"},
				"up": {"uv": [12, 7.5, 11.5, 7], "texture": "#0"},
				"down": {"uv": [12, 7.5, 11.5, 8], "texture": "#0"}
			}
		},
		{
			"from": [7.15, -0.75, 13.8],
			"to": [8.85, 0.25, 17.2],
			"rotation": {"angle": -12.5, "axis": "x", "origin": [7, 0.25, 14]},
			"faces": {
				"north": {"uv": [3, 4, 4, 4.5], "texture": "#0"},
				"east": {"uv": [10.5, 3.5, 12, 4], "texture": "#0"},
				"south": {"uv": [9, 4, 10, 4.5], "texture": "#0"},
				"west": {"uv": [10.5, 10, 12, 10.5], "texture": "#0"},
				"up": {"uv": [9, 11.5, 8, 10], "texture": "#0"},
				"down": {"uv": [11.5, 1, 10.5, 2.5], "texture": "#0"}
			}
		},
		{
			"from": [7.2, 0.05, 15.75],
			"to": [8.8, 6, 17.75],
			"rotation": {"angle": -27.5, "axis": "x", "origin": [6.95, -1, 15.75]},
			"faces": {
				"north": {"uv": [6, 6.5, 7, 9.5], "texture": "#0"},
				"east": {"uv": [7, 0, 8, 3], "texture": "#0"},
				"south": {"uv": [7, 6.5, 8, 9.5], "texture": "#0"},
				"west": {"uv": [8, 0, 9, 3], "texture": "#0"},
				"up": {"uv": [11.5, 9, 10.5, 8], "texture": "#0"},
				"down": {"uv": [11.5, 9, 10.5, 10], "texture": "#0"}
			}
		}
	],
	"display": {
		"thirdperson_righthand": {
			"rotation": [5.25, 0, 0],
			"translation": [0, 1.25, -1.5],
			"scale": [0.7, 0.7, 0.7]
		},
		"thirdperson_lefthand": {
			"rotation": [5.25, 0, 0],
			"translation": [0, 1.25, -1.5],
			"scale": [0.7, 0.7, 0.7]
		},
		"firstperson_righthand": {
			"rotation": [-13.9, 11.94, -2.42]
		},
		"firstperson_lefthand": {
			"rotation": [-13.9, 11.94, -2.42]
		},
		"gui": {
			"rotation": [37.42, 40.49, -35.57],
			"translation": [1.5, 1.25, 0],
			"scale": [0.8, 0.8, 0.8]
		},
		"fixed": {
			"rotation": [-94.05, 23.92, 87.55],
			"translation": [-2, 0, 0]
		},
		"on_shelf": {
			"rotation": [69.4, 65.74, -51.95]
		}
	}
}