{
	"format_version": "1.21.6",
	"credit": "Made with Blockbench",
	"texture_size": [64, 64],
	"textures": {
		"0": "item/spear_m",
		"particle": "item/spear_m"
	},
	"elements": [
		{
			"from": [7.25, -11, 7.25],
			"to": [8.75, 23, 8.75],
			"rotation": {"angle": 0, "axis": "y", "origin": [7, 0, 7]},
			"faces": {
				"north": {"uv": [0, 4.75, 0.5, 13.25], "texture": "#0"},
				"east": {"uv": [0.5, 4.75, 1, 13.25], "texture": "#0"},
				"south": {"uv": [1, 4.75, 1.5, 13.25], "texture": "#0"},
				"west": {"uv": [1.5, 4.75, 2, 13.25], "texture": "#0"},
				"up": {"uv": [4.25, 6, 3.75, 5.5], "texture": "#0"},
				"down": {"uv": [6, 6.5, 5.5, 7], "texture": "#0"}
			}
		},
		{
			"from": [7, -12, 7],
			"to": [9, -10, 9],
			"rotation": {"angle": 0, "axis": "y", "origin": [7, -12, 7]},
			"faces": {
				"north": {"uv": [6, 6.5, 6.5, 7], "texture": "#0"},
				"east": {"uv": [6.5, 6, 7, 6.5], "texture": "#0"},
				"south": {"uv": [6.5, 6.5, 7, 7], "texture": "#0"},
				"west": {"uv": [2, 7, 2.5, 7.5], "texture": "#0"},
				"up": {"uv": [3, 7.5, 2.5, 7], "texture": "#0"},
				"down": {"uv": [6, 7, 5.5, 7.5], "texture": "#0"}
			}
		},
		{
			"from": [7, 0, 7],
			"to": [9, 1, 9],
			"rotation": {"angle": 0, "axis": "y", "origin": [7, 0, 7]},
			"faces": {
				"north": {"uv": [7.25, 7, 7.75, 7.25], "texture": "#0"},
				"east": {"uv": [7.25, 7.25, 7.75, 7.5], "texture": "#0"},
				"south": {"uv": [7.5, 0, 8, 0.25], "texture": "#0"},
				"west": {"uv": [7.5, 0.25, 8, 0.5], "texture": "#0"},
				"up": {"uv": [6.5, 7.5, 6, 7], "texture": "#0"},
				"down": {"uv": [7.5, 6, 7, 6.5], "texture": "#0"}
			}
		},
		{
			"from": [7, 22.1, 7],
			"to": [9, 23.1, 9],
			"rotation": {"angle": 0, "axis": "y", "origin": [7, 22.1, 7]},
			"faces": {
				"north": {"uv": [7.5, 0.5, 8, 0.75], "texture": "#0"},
				"east": {"uv": [7.5, 0.75, 8, 1], "texture": "#0"},
				"south": {"uv": [7.5, 1, 8, 1.25], "texture": "#0"},
				"west": {"uv": [7.5, 1.25, 8, 1.5], "texture": "#0"},
				"up": {"uv": [7, 7.5, 6.5, 7], "texture": "#0"},
				"down": {"uv": [7.5, 6.5, 7, 7], "texture": "#0"}
			}
		},
		{
			"from": [7, 16.1, 7],
			"to": [9, 17.1, 9],
			"rotation": {"angle": 0, "axis": "y", "origin": [7, 16.1, 7]},
			"faces": {
				"north": {"uv": [7.5, 0.5, 8, 0.75], "texture": "#0"},
				"east": {"uv": [7.5, 0.75, 8, 1], "texture": "#0"},
				"south": {"uv": [7.5, 1, 8, 1.25], "texture": "#0"},
				"west": {"uv": [7.5, 1.25, 8, 1.5], "texture": "#0"},
				"up": {"uv": [7, 7.5, 6.5, 7], "texture": "#0"},
				"down": {"uv": [7.5, 6.5, 7, 7], "texture": "#0"}
			}
		},
		{
			"from": [2, 22.6, 2],
			"to": [14, 22.6, 14],
			"rotation": {"angle": 0, "axis": "y", "origin": [7, 21.6, 7]},
			"faces": {
				"north": {"uv": [0, 0, 3, 0], "texture": "#0"},
				"east": {"uv": [0, 0, 3, 0], "texture": "#0"},
				"south": {"uv": [0, 0, 3, 0], "texture": "#0"},
				"west": {"uv": [0, 0, 3, 0], "texture": "#0"},
				"up": {"uv": [7.5, 3, 4.5, 0], "texture": "#0"},
				"down": {"uv": [7.5, 0, 4.5, 3], "texture": "#0"}
			}
		},
		{
			"from": [7.75, 23, 6],
			"to": [8.25, 25, 10],
			"rotation": {"angle": 0, "axis": "y", "origin": [7, 23, 7]},
			"faces": {
				"north": {"uv": [3.25, 7.25, 3.5, 7.75], "texture": "#0"},
				"east": {"uv": [5.5, 6, 6.5, 6.5], "texture": "#0"},
				"south": {"uv": [7.5, 1.5, 7.75, 2], "texture": "#0"},
				"west": {"uv": [2, 6.5, 3, 7], "texture": "#0"},
				"up": {"uv": [4.5, 5.75, 4.25, 4.75], "texture": "#0"},
				"down": {"uv": [3.75, 6.5, 3.5, 7.5], "texture": "#0"}
			}
		},
		{
			"from": [7.75, 25, 7],
			"to": [8.25, 28, 9],
			"rotation": {"angle": 0, "axis": "y", "origin": [7, 25, 7]},
			"faces": {
				"north": {"uv": [7, 7, 7.25, 7.75], "texture": "#0"},
				"east": {"uv": [3.75, 4.75, 4.25, 5.5], "texture": "#0"},
				"south": {"uv": [3, 7.25, 3.25, 8], "texture": "#0"},
				"west": {"uv": [3, 6.5, 3.5, 7.25], "texture": "#0"},
				"up": {"uv": [2.25, 8, 2, 7.5], "texture": "#0"},
				"down": {"uv": [7.75, 2, 7.5, 2.5], "texture": "#0"}
			}
		},
		{
			"from": [8, 13, 3.5],
			"to": [8, 32, 12.5],
			"rotation": {"angle": 0, "axis": "y", "origin": [7, 22, 6.5]},
			"faces": {
				"north": {"uv": [0, 0, 0, 4.75], "texture": "#0"},
				"east": {"uv": [2.25, 0, 4.5, 4.75], "texture": "#0"},
				"south": {"uv": [0, 0, 0, 4.75], "texture": "#0"},
				"west": {"uv": [2.25, 0, 4.5, 4.75], "texture": "#0"},
				"up": {"uv": [0, 2.25, 0, 0], "texture": "#0"},
				"down": {"uv": [0, 0, 0, 2.25], "texture": "#0"}
			}
		},
		{
			"from": [8, -16, 4.5],
			"to": [8, -9, 11.5],
			"rotation": {"angle": 0, "axis": "y", "origin": [7, -13, 7.5]},
			"faces": {
				"north": {"uv": [0, 0, 0, 1.75], "texture": "#0"},
				"east": {"uv": [3.75, 6, 5.5, 7.75], "texture": "#0"},
				"south": {"uv": [0, 0, 0, 1.75], "texture": "#0"},
				"west": {"uv": [3.75, 6, 5.5, 7.75], "texture": "#0"},
				"up": {"uv": [0, 1.75, 0, 0], "texture": "#0"},
				"down": {"uv": [0, 0, 0, 1.75], "texture": "#0"}
			}
		}
	],
	"display": {
		"thirdperson_righthand": {
			"rotation": [-0.23, 5.72, 1.44],
			"translation": [0, 0, 1.75]
		},
		"thirdperson_lefthand": {
			"rotation": [-0.23, 5.72, 1.44],
			"translation": [0, 0, 1.75]
		},
		"firstperson_righthand": {
			"rotation": [-3.47, 7.29, 3.91],
			"translation": [0, -7.25, 0]
		},
		"firstperson_lefthand": {
			"rotation": [-3.47, 7.29, 3.91],
			"translation": [0, -7.25, 0]
		},
		"gui": {
			"rotation": [-103.67, 36.61, 147.23],
			"scale": [0.5, 0.5, 0.5]
		},
		"fixed": {
			"rotation": [0, 90, 0],
			"translation": [0, -1.5, -0.25],
			"scale": [2, 2, 2]
		},
		"on_shelf": {
			"rotation": [-180, 77.25, -180],
			"translation": [0, 0, 4.5],
			"scale": [2, 2, 2]
		}
	}
}