{
	"format_version": "1.21.6",
	"credit": "Made with Blockbench",
	"texture_size": [64, 64],
	"textures": {
		"0": "item/claymore",
		"particle": "item/claymore"
	},
	"elements": [
		{
			"from": [7.25, -10, 7.15],
			"to": [8.75, -7, 8.65],
			"rotation": {"angle": 45, "axis": "x", "origin": [7, -10, 6.65]},
			"faces": {
				"north": {"uv": [6.25, 0, 6.75, 0.75], "texture": "#0"},
				"east": {"uv": [6.25, 0.75, 6.75, 1.5], "texture": "#0"},
				"south": {"uv": [6.25, 1.5, 6.75, 2.25], "texture": "#0"},
				"west": {"uv": [6.25, 2.25, 6.75, 3], "texture": "#0"},
				"up": {"uv": [6.75, 4.75, 6.25, 4.25], "texture": "#0"},
				"down": {"uv": [6.75, 4.75, 6.25, 5.25], "texture": "#0"}
			}
		},
		{
			"from": [7.25, -8.5, 7.5],
			"to": [8.75, -7, 9],
			"rotation": {"angle": -45, "axis": "x", "origin": [7, -10, 9.5]},
			"faces": {
				"north": {"uv": [6.25, 5.25, 6.75, 5.75], "texture": "#0"},
				"east": {"uv": [2.5, 6.5, 3, 7], "texture": "#0"},
				"south": {"uv": [3, 6.5, 3.5, 7], "texture": "#0"},
				"west": {"uv": [6.5, 3, 7, 3.5], "texture": "#0"},
				"up": {"uv": [7, 4, 6.5, 3.5], "texture": "#0"},
				"down": {"uv": [5.75, 6.5, 5.25, 7], "texture": "#0"}
			}
		},
		{
			"from": [7.25, -2.5, 8.5],
			"to": [8.75, -1, 10],
			"rotation": {"angle": -45, "axis": "x", "origin": [7, -4, 10.5]},
			"faces": {
				"north": {"uv": [5.75, 6.5, 6.25, 7], "texture": "#0"},
				"east": {"uv": [6.5, 5.75, 7, 6.25], "texture": "#0"},
				"south": {"uv": [6.25, 6.5, 6.75, 7], "texture": "#0"},
				"west": {"uv": [6.75, 0, 7.25, 0.5], "texture": "#0"},
				"up": {"uv": [7.25, 1, 6.75, 0.5], "texture": "#0"},
				"down": {"uv": [7.25, 1, 6.75, 1.5], "texture": "#0"}
			}
		},
		{
			"from": [7.25, 2.25, 8.5],
			"to": [8.75, 4.25, 10.5],
			"rotation": {"angle": -45, "axis": "x", "origin": [7, 0.75, 10.5]},
			"faces": {
				"north": {"uv": [6.75, 1.5, 7.25, 2], "texture": "#0"},
				"east": {"uv": [6.75, 2, 7.25, 2.5], "texture": "#0"},
				"south": {"uv": [6.75, 2.5, 7.25, 3], "texture": "#0"},
				"west": {"uv": [6.75, 4, 7.25, 4.5], "texture": "#0"},
				"up": {"uv": [7.25, 5, 6.75, 4.5], "texture": "#0"},
				"down": {"uv": [7.25, 5, 6.75, 5.5], "texture": "#0"}
			}
		},
		{
			"from": [7.5, 1.5, 8.5],
			"to": [8.5, 3, 13.5],
			"rotation": {"angle": -12.5, "axis": "x", "origin": [7, 0, 10.5]},
			"faces": {
				"north": {"uv": [5.75, 7, 6, 7.5], "texture": "#0"},
				"east": {"uv": [2.5, 6, 3.75, 6.5], "texture": "#0"},
				"south": {"uv": [6, 7, 6.25, 7.5], "texture": "#0"},
				"west": {"uv": [5.25, 6, 6.5, 6.5], "texture": "#0"},
				"up": {"uv": [4.5, 7.25, 4.25, 6], "texture": "#0"},
				"down": {"uv": [6.5, 3, 6.25, 4.25], "texture": "#0"}
			}
		},
		{
			"from": [7.75, 2.75, 12.75],
			"to": [8.25, 6, 13.5],
			"rotation": {"angle": 10, "axis": "x", "origin": [7, 5.75, 10.5]},
			"faces": {
				"north": {"uv": [3.5, 6.5, 3.75, 7.25], "texture": "#0"},
				"east": {"uv": [6.75, 6.25, 7, 7], "texture": "#0"},
				"south": {"uv": [2.5, 7, 2.75, 7.75], "texture": "#0"},
				"west": {"uv": [2.75, 7, 3, 7.75], "texture": "#0"},
				"up": {"uv": [7.25, 4, 7, 3.75], "texture": "#0"},
				"down": {"uv": [7.5, 2, 7.25, 2.25], "texture": "#0"}
			}
		},
		{
			"from": [7.5, 1.5, 2.5],
			"to": [8.5, 3, 7.5],
			"rotation": {"angle": 12.5, "axis": "x", "origin": [7, 0, 5.5]},
			"faces": {
				"north": {"uv": [6.25, 7, 6, 7.5], "texture": "#0"},
				"east": {"uv": [3.75, 6, 2.5, 6.5], "texture": "#0"},
				"south": {"uv": [6, 7, 5.75, 7.5], "texture": "#0"},
				"west": {"uv": [6.5, 6, 5.25, 6.5], "texture": "#0"},
				"up": {"uv": [4.5, 6, 4.25, 7.25], "texture": "#0"},
				"down": {"uv": [6.5, 4.25, 6.25, 3], "texture": "#0"}
			}
		},
		{
			"from": [7.75, 2.75, 2.5],
			"to": [8.25, 6, 3.25],
			"rotation": {"angle": -10, "axis": "x", "origin": [7, 5.75, 5.5]},
			"faces": {
				"north": {"uv": [2.75, 7, 2.5, 7.75], "texture": "#0"},
				"east": {"uv": [7, 6.25, 6.75, 7], "texture": "#0"},
				"south": {"uv": [3.75, 6.5, 3.5, 7.25], "texture": "#0"},
				"west": {"uv": [3, 7, 2.75, 7.75], "texture": "#0"},
				"up": {"uv": [7.25, 3.75, 7, 4], "texture": "#0"},
				"down": {"uv": [7.5, 2.25, 7.25, 2], "texture": "#0"}
			}
		},
		{
			"from": [7.5, -10, 7.5],
			"to": [8.5, -8, 8.5],
			"rotation": {"angle": 0, "axis": "y", "origin": [7, -10, 7]},
			"faces": {
				"north": {"uv": [3.25, 7, 3.5, 7.5], "texture": "#0"},
				"east": {"uv": [5.25, 7, 5.5, 7.5], "texture": "#0"},
				"south": {"uv": [5.5, 7, 5.75, 7.5], "texture": "#0"},
				"west": {"uv": [7, 5.5, 7.25, 6], "texture": "#0"},
				"up": {"uv": [6.5, 6, 6.25, 5.75], "texture": "#0"},
				"down": {"uv": [6.75, 4, 6.5, 4.25], "texture": "#0"}
			}
		},
		{
			"from": [7.4, -8, 7.4],
			"to": [8.6, 1.5, 8.6],
			"rotation": {"angle": 0, "axis": "y", "origin": [7, -7.75, 7]},
			"faces": {
				"north": {"uv": [1.5, 6, 1.75, 8.5], "texture": "#0"},
				"east": {"uv": [1.75, 6, 2, 8.5], "texture": "#0"},
				"south": {"uv": [2, 6, 2.25, 8.5], "texture": "#0"},
				"west": {"uv": [2.25, 6, 2.5, 8.5], "texture": "#0"},
				"up": {"uv": [6.75, 6.5, 6.5, 6.25], "texture": "#0"},
				"down": {"uv": [7, 5.5, 6.75, 5.75], "texture": "#0"}
			}
		},
		{
			"from": [7.75, 2, 6.4],
			"to": [8.25, 21, 9.6],
			"rotation": {"angle": 0, "axis": "y", "origin": [7, 17.25, 7]},
			"faces": {
				"north": {"uv": [0, 6, 0.25, 10.75], "texture": "#0"},
				"east": {"uv": [4.5, 0, 5.25, 4.75], "texture": "#0"},
				"south": {"uv": [0, 6, 0.25, 10.75], "texture": "#0"},
				"west": {"uv": [5.25, 0, 4.5, 4.75], "texture": "#0"},
				"up": {"uv": [3.25, 7.75, 3, 7], "texture": "#0"},
				"down": {"uv": [7.25, 3, 7, 3.75], "texture": "#0"}
			}
		},
		{
			"from": [7.75, 21, 6.9],
			"to": [8.25, 28, 9.1],
			"rotation": {"angle": 0, "axis": "y", "origin": [7, 23.25, 7]},
			"faces": {
				"north": {"uv": [3.75, 6, 4, 7.75], "texture": "#0"},
				"east": {"uv": [0.5, 6, 1, 7.75], "texture": "#0"},
				"south": {"uv": [4, 6, 4.25, 7.75], "texture": "#0"},
				"west": {"uv": [1, 6, 0.5, 7.75], "texture": "#0"},
				"up": {"uv": [7.25, 6.5, 7, 6], "texture": "#0"},
				"down": {"uv": [6.5, 7, 6.25, 7.5], "texture": "#0"}
			}
		},
		{
			"from": [8, 26, 5.4],
			"to": [8, 32, 10.6],
			"rotation": {"angle": 0, "axis": "y", "origin": [7, 27.25, 6.5]},
			"faces": {
				"north": {"uv": [0, 0, 0, 1.5], "texture": "#0"},
				"east": {"uv": [7.5, 0, 8.75, 1.5], "texture": "#0"},
				"south": {"uv": [0, 0, 0, 1.5], "texture": "#0"},
				"west": {"uv": [8.75, 0, 7.5, 1.5], "texture": "#0"},
				"up": {"uv": [0, 1, 0, 0], "texture": "#0"},
				"down": {"uv": [0, 0, 0, 1], "texture": "#0"}
			}
		},
		{
			"from": [8, -14, 5.95],
			"to": [8, -8, 10.15],
			"rotation": {"angle": 0, "axis": "y", "origin": [7, -12.75, 7.05]},
			"faces": {
				"north": {"uv": [0, 0, 0, 1.5], "texture": "#0"},
				"east": {"uv": [2.25, 3.75, 3.5, 5.25], "texture": "#0"},
				"south": {"uv": [0, 0, 0, 1.5], "texture": "#0"},
				"west": {"uv": [3.5, 3.75, 2.25, 5.25], "texture": "#0"},
				"up": {"uv": [0, 1, 0, 0], "texture": "#0"},
				"down": {"uv": [0, 0, 0, 1], "texture": "#0"}
			}
		},
		{
			"from": [8, -4, -1.1],
			"to": [8, 8, 17.1],
			"rotation": {"angle": 0, "axis": "y", "origin": [7, 1.25, 7]},
			"faces": {
				"north": {"uv": [0, 0, 0, 3], "texture": "#0"},
				"east": {"uv": [0, 0, 4.5, 3], "texture": "#0"},
				"south": {"uv": [0, 0, 0, 3], "texture": "#0"},
				"west": {"uv": [0, 0, 4.5, 3], "texture": "#0"},
				"up": {"uv": [0, 4.5, 0, 0], "texture": "#0"},
				"down": {"uv": [0, 0, 0, 4.5], "texture": "#0"}
			}
		},
		{
			"from": [8, 7, 2],
			"to": [8, 13, 14],
			"rotation": {"angle": 0, "axis": "y", "origin": [7, 8.25, 7]},
			"faces": {
				"north": {"uv": [0, 0, 0, 3], "texture": "#0"},
				"east": {"uv": [1.75, 9, 4.75, 10.5], "texture": "#0"},
				"south": {"uv": [0, 0, 0, 3], "texture": "#0"},
				"west": {"uv": [4.75, 9, 1.75, 10.5], "texture": "#0"},
				"up": {"uv": [0, 4.5, 0, 0], "texture": "#0"},
				"down": {"uv": [0, 0, 0, 4.5], "texture": "#0"}
			}
		},
		{
			"from": [7, 0, 7.5],
			"to": [7, 2, 8.5],
			"rotation": {"angle": -25, "axis": "z", "origin": [7, 0, 8.5]},
			"faces": {
				"north": {"uv": [0, 0, 0, 0.5], "texture": "#0"},
				"east": {"uv": [6.5, 7, 6.75, 7.5], "texture": "#0"},
				"south": {"uv": [0, 0, 0, 0.5], "texture": "#0"},
				"west": {"uv": [7, 6.5, 7.25, 7], "texture": "#0"},
				"up": {"uv": [0, 0.25, 0, 0], "texture": "#0"},
				"down": {"uv": [0, 0, 0, 0.25], "texture": "#0"}
			}
		},
		{
			"from": [6.9, -2, 7.5],
			"to": [6.9, 0, 8.5],
			"rotation": {"angle": -2.5, "axis": "z", "origin": [6.9, -2, 8.5]},
			"faces": {
				"north": {"uv": [0, 0, 0, 0.5], "texture": "#0"},
				"east": {"uv": [6.75, 7, 7, 7.5], "texture": "#0"},
				"south": {"uv": [0, 0, 0, 0.5], "texture": "#0"},
				"west": {"uv": [7, 7, 7.25, 7.5], "texture": "#0"},
				"up": {"uv": [0, 0.25, 0, 0], "texture": "#0"},
				"down": {"uv": [0, 0, 0, 0.25], "texture": "#0"}
			}
		},
		{
			"from": [7.5, 0, 6.6],
			"to": [8.5, 2, 6.6],
			"rotation": {"angle": 17.5, "axis": "x", "origin": [7.5, 0, 6.6]},
			"faces": {
				"north": {"uv": [7.25, 1, 7.5, 1.5], "texture": "#0"},
				"east": {"uv": [0, 0, 0, 0.5], "texture": "#0"},
				"south": {"uv": [7.25, 1.5, 7.5, 2], "texture": "#0"},
				"west": {"uv": [0, 0, 0, 0.5], "texture": "#0"},
				"up": {"uv": [0.25, 0, 0, 0], "texture": "#0"},
				"down": {"uv": [0.25, 0, 0, 0], "texture": "#0"}
			}
		},
		{
			"from": [7.5, -2, 6.6],
			"to": [8.5, 0, 6.6],
			"rotation": {"angle": 0, "axis": "y", "origin": [7.5, -2, 6.6]},
			"faces": {
				"north": {"uv": [7.25, 0, 7.5, 0.5], "texture": "#0"},
				"east": {"uv": [0, 0, 0, 0.5], "texture": "#0"},
				"south": {"uv": [7.25, 0.5, 7.5, 1], "texture": "#0"},
				"west": {"uv": [0, 0, 0, 0.5], "texture": "#0"},
				"up": {"uv": [0.25, 0, 0, 0], "texture": "#0"},
				"down": {"uv": [0.25, 0, 0, 0], "texture": "#0"}
			}
		}
	],
	"display": {
		"thirdperson_righthand": {
			"rotation": [-6.04, 1.36, 3.22],
			"translation": [0, 7.75, 0.25]
		},
		"thirdperson_lefthand": {
			"rotation": [-6.04, 1.36, 3.22],
			"translation": [0, 7.75, 0.25]
		},
		"firstperson_righthand": {
			"rotation": [-24.41, 12.6, -1.42],
			"translation": [0, 6.75, -1.25]
		},
		"firstperson_lefthand": {
			"rotation": [-24.41, 12.6, -1.42],
			"translation": [0, 6.75, -1.25]
		},
		"gui": {
			"rotation": [-54.05, 26.07, 48.43],
			"scale": [0.7, 0.7, 0.7]
		},
		"head": {
			"rotation": [113.93, -73.27, 12.43],
			"translation": [0, 3.75, -25.75],
			"scale": [2, 2, 2]
		},
		"fixed": {
			"rotation": [113.93, -73.27, 12.43],
			"translation": [0, 3.75, -25.75],
			"scale": [2, 2, 2]
		},
		"on_shelf": {
			"rotation": [66.88, -9.43, -91.45],
			"translation": [0, -2.5, -0.25],
			"scale": [2, 2, 2]
		}
	}
}