{
	"format_version": "1.21.6",
	"credit": "Made with Blockbench",
	"texture_size": [32, 32],
	"textures": {
		"0": "item/mar_shield",
		"particle": "item/mar_shield"
	},
	"elements": [
		{
			"from": [7.50737, -5.88, 2.77611],
			"to": [7.91537, -5.37, 5.27511],
			"rotation": {"angle": 5, "axis": "y", "origin": [7.09315, -3.1515, 5.1825]},
			"faces": {
				"north": {"uv": [14.5, 1.5, 15, 2], "texture": "#0"},
				"east": {"uv": [12.5, 9, 15, 9.5], "texture": "#0"},
				"south": {"uv": [14.5, 13, 15, 13.5], "texture": "#0"},
				"west": {"uv": [12.5, 9.5, 15, 10], "texture": "#0"},
				"up": {"uv": [0.5, 15.5, 0, 13], "texture": "#0"},
				"down": {"uv": [1, 13, 0.5, 15.5], "texture": "#0"}
			}
		},
		{
			"from": [7.201, -5.2789, 7.82733],
			"to": [7.966, 1.3511, 8.33733],
			"rotation": {"angle": 2.5, "axis": "x", "origin": [7.09315, -3.1515, 5.1825]},
			"faces": {
				"north": {"uv": [3, 6.5, 4, 13], "texture": "#0"},
				"east": {"uv": [9, 2.5, 9.5, 9], "texture": "#0"},
				"south": {"uv": [4, 6.5, 5, 13], "texture": "#0"},
				"west": {"uv": [7, 9, 7.5, 15.5], "texture": "#0"},
				"up": {"uv": [14.5, 13.5, 13.5, 13], "texture": "#0"},
				"down": {"uv": [14.5, 13.5, 13.5, 14], "texture": "#0"}
			}
		},
		{
			"from": [7.201, -5.2789, 2.02767],
			"to": [7.966, 1.3511, 2.53767],
			"rotation": {"angle": -2.5, "axis": "x", "origin": [7.09315, -3.1515, 5.1825]},
			"faces": {
				"north": {"uv": [5, 6.5, 6, 13], "texture": "#0"},
				"east": {"uv": [7.5, 9, 8, 15.5], "texture": "#0"},
				"south": {"uv": [6, 6.5, 7, 13], "texture": "#0"},
				"west": {"uv": [8, 9, 8.5, 15.5], "texture": "#0"},
				"up": {"uv": [15, 0.5, 14, 0], "texture": "#0"},
				"down": {"uv": [15, 0.5, 14, 1], "texture": "#0"}
			}
		},
		{
			"from": [7.2265, 1.69464, 2.97114],
			"to": [7.9405, 2.20464, 6.59214],
			"rotation": {"angle": 22.5, "axis": "x", "origin": [7.09315, -3.1515, 5.1825]},
			"faces": {
				"north": {"uv": [14.5, 13.5, 15, 14], "texture": "#0"},
				"east": {"uv": [12, 2, 15.5, 2.5], "texture": "#0"},
				"south": {"uv": [14.5, 14, 15, 14.5], "texture": "#0"},
				"west": {"uv": [12, 2.5, 15.5, 3], "texture": "#0"},
				"up": {"uv": [12.5, 6.5, 12, 3], "texture": "#0"},
				"down": {"uv": [12.5, 6.5, 12, 10], "texture": "#0"}
			}
		},
		{
			"from": [7.2265, 1.69464, 3.77286],
			"to": [7.9405, 2.20464, 7.39386],
			"rotation": {"angle": -22.5, "axis": "x", "origin": [7.09315, -3.1515, 5.1825]},
			"faces": {
				"north": {"uv": [14.5, 14.5, 15, 15], "texture": "#0"},
				"east": {"uv": [12, 10, 15.5, 10.5], "texture": "#0"},
				"south": {"uv": [15, 0, 15.5, 0.5], "texture": "#0"},
				"west": {"uv": [12, 10.5, 15.5, 11], "texture": "#0"},
				"up": {"uv": [10.5, 15.5, 10, 12], "texture": "#0"},
				"down": {"uv": [11, 12, 10.5, 15.5], "texture": "#0"}
			}
		},
		{
			"from": [7.2265, -7.23689, 1.40878],
			"to": [7.9405, -2.72339, 1.91878],
			"rotation": {"angle": -42.5, "axis": "x", "origin": [7.09315, -3.1515, 5.1825]},
			"faces": {
				"north": {"uv": [10, 7.5, 10.5, 12], "texture": "#0"},
				"east": {"uv": [10.5, 7.5, 11, 12], "texture": "#0"},
				"south": {"uv": [11, 0, 11.5, 4.5], "texture": "#0"},
				"west": {"uv": [11, 4.5, 11.5, 9], "texture": "#0"},
				"up": {"uv": [15.5, 1, 15, 0.5], "texture": "#0"},
				"down": {"uv": [1.5, 15, 1, 15.5], "texture": "#0"}
			}
		},
		{
			"from": [7.2265, -7.23689, 8.44622],
			"to": [7.9405, -2.72339, 8.95622],
			"rotation": {"angle": 42.5, "axis": "x", "origin": [7.09315, -3.1515, 5.1825]},
			"faces": {
				"north": {"uv": [11, 9, 11.5, 13.5], "texture": "#0"},
				"east": {"uv": [11.5, 0, 12, 4.5], "texture": "#0"},
				"south": {"uv": [11.5, 4.5, 12, 9], "texture": "#0"},
				"west": {"uv": [11.5, 9, 12, 13.5], "texture": "#0"},
				"up": {"uv": [2, 15.5, 1.5, 15], "texture": "#0"},
				"down": {"uv": [15.5, 1.5, 15, 2], "texture": "#0"}
			}
		},
		{
			"from": [7.50737, 1.26, 4.35711],
			"to": [7.91537, 2.28, 5.27511],
			"rotation": {"angle": 5, "axis": "y", "origin": [7.09315, -3.1515, 5.1825]},
			"faces": {
				"north": {"uv": [14, 1, 14.5, 2], "texture": "#0"},
				"east": {"uv": [4, 13, 5, 14], "texture": "#0"},
				"south": {"uv": [2, 14, 2.5, 15], "texture": "#0"},
				"west": {"uv": [5, 13, 6, 14], "texture": "#0"},
				"up": {"uv": [3, 15, 2.5, 14], "texture": "#0"},
				"down": {"uv": [3.5, 14, 3, 15], "texture": "#0"}
			}
		},
		{
			"from": [7.51561, 1.26, 3.23213],
			"to": [7.92361, 1.77, 4.35413],
			"rotation": {"angle": 5, "axis": "y", "origin": [7.09315, -3.1515, 5.1825]},
			"faces": {
				"north": {"uv": [2, 15, 2.5, 15.5], "texture": "#0"},
				"east": {"uv": [4, 14, 5, 14.5], "texture": "#0"},
				"south": {"uv": [2.5, 15, 3, 15.5], "texture": "#0"},
				"west": {"uv": [14, 4, 15, 4.5], "texture": "#0"},
				"up": {"uv": [14.5, 5.5, 14, 4.5], "texture": "#0"},
				"down": {"uv": [5.5, 14, 5, 15], "texture": "#0"}
			}
		},
		{
			"from": [7.50737, -5.37, 2.26611],
			"to": [7.91537, 1.26, 5.27511],
			"rotation": {"angle": 5, "axis": "y", "origin": [7.09315, -3.1515, 5.1825]},
			"faces": {
				"north": {"uv": [8.5, 9, 9, 15.5], "texture": "#0"},
				"east": {"uv": [0, 0, 3, 6.5], "texture": "#0"},
				"south": {"uv": [9, 9, 9.5, 15.5], "texture": "#0"},
				"west": {"uv": [6, 0, 3, 6.5], "texture": "#0"},
				"up": {"uv": [12.5, 14, 12, 11], "texture": "#0"},
				"down": {"uv": [13, 3, 12.5, 6], "texture": "#0"}
			}
		},
		{
			"from": [7.50737, -6.39, 3.28611],
			"to": [7.91537, -5.88, 5.27511],
			"rotation": {"angle": 5, "axis": "y", "origin": [7.09315, -3.1515, 5.1825]},
			"faces": {
				"north": {"uv": [3, 15, 3.5, 15.5], "texture": "#0"},
				"east": {"uv": [13, 6, 15, 6.5], "texture": "#0"},
				"south": {"uv": [15, 3.5, 15.5, 4], "texture": "#0"},
				"west": {"uv": [13, 6.5, 15, 7], "texture": "#0"},
				"up": {"uv": [6.5, 15, 6, 13], "texture": "#0"},
				"down": {"uv": [7, 13, 6.5, 15], "texture": "#0"}
			}
		},
		{
			"from": [7.50737, -7.41, 4.05111],
			"to": [7.91537, -6.9, 5.27511],
			"rotation": {"angle": 5, "axis": "y", "origin": [7.09315, -3.1515, 5.1825]},
			"faces": {
				"north": {"uv": [15, 4, 15.5, 4.5], "texture": "#0"},
				"east": {"uv": [14, 8, 15, 8.5], "texture": "#0"},
				"south": {"uv": [15, 4.5, 15.5, 5], "texture": "#0"},
				"west": {"uv": [14, 8.5, 15, 9], "texture": "#0"},
				"up": {"uv": [6, 15, 5.5, 14], "texture": "#0"},
				"down": {"uv": [14.5, 11.5, 14, 12.5], "texture": "#0"}
			}
		},
		{
			"from": [7.50737, -6.9, 3.79611],
			"to": [7.91537, -6.39, 5.27511],
			"rotation": {"angle": 5, "axis": "y", "origin": [7.09315, -3.1515, 5.1825]},
			"faces": {
				"north": {"uv": [5, 15, 5.5, 15.5], "texture": "#0"},
				"east": {"uv": [2, 13.5, 3.5, 14], "texture": "#0"},
				"south": {"uv": [15, 5, 15.5, 5.5], "texture": "#0"},
				"west": {"uv": [13.5, 3.5, 15, 4], "texture": "#0"},
				"up": {"uv": [14, 5.5, 13.5, 4], "texture": "#0"},
				"down": {"uv": [11.5, 13.5, 11, 15], "texture": "#0"}
			}
		},
		{
			"from": [7.50737, -7.92, 4.56111],
			"to": [7.91537, -7.41, 5.27511],
			"rotation": {"angle": 5, "axis": "y", "origin": [7.09315, -3.1515, 5.1825]},
			"faces": {
				"north": {"uv": [5.5, 15, 6, 15.5], "texture": "#0"},
				"east": {"uv": [15, 5.5, 15.5, 6], "texture": "#0"},
				"south": {"uv": [6, 15, 6.5, 15.5], "texture": "#0"},
				"west": {"uv": [15, 6, 15.5, 6.5], "texture": "#0"},
				"up": {"uv": [7, 15.5, 6.5, 15], "texture": "#0"},
				"down": {"uv": [15.5, 6.5, 15, 7], "texture": "#0"}
			}
		},
		{
			"from": [7.50737, -8.226, 4.81611],
			"to": [7.91537, -7.92, 5.32611],
			"rotation": {"angle": 5, "axis": "y", "origin": [7.09315, -3.1515, 5.1825]},
			"faces": {
				"north": {"uv": [15, 7, 15.5, 7.5], "texture": "#0"},
				"east": {"uv": [15, 7.5, 15.5, 8], "texture": "#0"},
				"south": {"uv": [15, 8, 15.5, 8.5], "texture": "#0"},
				"west": {"uv": [15, 8.5, 15.5, 9], "texture": "#0"},
				"up": {"uv": [15.5, 9.5, 15, 9], "texture": "#0"},
				"down": {"uv": [15.5, 9.5, 15, 10], "texture": "#0"}
			}
		},
		{
			"from": [7.50737, -8.226, 5.03889],
			"to": [7.91537, -7.92, 5.54889],
			"rotation": {"angle": -5, "axis": "y", "origin": [7.09315, -3.1515, 5.1825]},
			"faces": {
				"north": {"uv": [11, 15, 11.5, 15.5], "texture": "#0"},
				"east": {"uv": [15, 11, 15.5, 11.5], "texture": "#0"},
				"south": {"uv": [11.5, 15, 12, 15.5], "texture": "#0"},
				"west": {"uv": [15, 11.5, 15.5, 12], "texture": "#0"},
				"up": {"uv": [15.5, 12.5, 15, 12], "texture": "#0"},
				"down": {"uv": [15.5, 12.5, 15, 13], "texture": "#0"}
			}
		},
		{
			"from": [7.50737, -7.92, 5.08989],
			"to": [7.91537, -7.41, 5.80389],
			"rotation": {"angle": -5, "axis": "y", "origin": [7.09315, -3.1515, 5.1825]},
			"faces": {
				"north": {"uv": [13, 15, 13.5, 15.5], "texture": "#0"},
				"east": {"uv": [15, 13, 15.5, 13.5], "texture": "#0"},
				"south": {"uv": [13.5, 15, 14, 15.5], "texture": "#0"},
				"west": {"uv": [15, 13.5, 15.5, 14], "texture": "#0"},
				"up": {"uv": [14.5, 15.5, 14, 15], "texture": "#0"},
				"down": {"uv": [15.5, 14, 15, 14.5], "texture": "#0"}
			}
		},
		{
			"from": [7.50737, -7.41, 5.08989],
			"to": [7.91537, -6.9, 6.31389],
			"rotation": {"angle": -5, "axis": "y", "origin": [7.09315, -3.1515, 5.1825]},
			"faces": {
				"north": {"uv": [14.5, 15, 15, 15.5], "texture": "#0"},
				"east": {"uv": [12, 14, 13, 14.5], "texture": "#0"},
				"south": {"uv": [15, 14.5, 15.5, 15], "texture": "#0"},
				"west": {"uv": [14, 12.5, 15, 13], "texture": "#0"},
				"up": {"uv": [14, 15, 13.5, 14], "texture": "#0"},
				"down": {"uv": [14.5, 14, 14, 15], "texture": "#0"}
			}
		},
		{
			"from": [7.50737, -5.88, 5.14089],
			"to": [7.91537, -5.37, 7.58889],
			"rotation": {"angle": -5, "axis": "y", "origin": [7.09315, -3.1515, 5.1825]},
			"faces": {
				"north": {"uv": [15, 15, 15.5, 15.5], "texture": "#0"},
				"east": {"uv": [1, 13, 3.5, 13.5], "texture": "#0"},
				"south": {"uv": [0, 15.5, 0.5, 16], "texture": "#0"},
				"west": {"uv": [13, 3, 15.5, 3.5], "texture": "#0"},
				"up": {"uv": [4, 15.5, 3.5, 13], "texture": "#0"},
				"down": {"uv": [13.5, 3.5, 13, 6], "texture": "#0"}
			}
		},
		{
			"from": [7.50737, -6.39, 5.08989],
			"to": [7.91537, -5.88, 7.07889],
			"rotation": {"angle": -5, "axis": "y", "origin": [7.09315, -3.1515, 5.1825]},
			"faces": {
				"north": {"uv": [15.5, 0, 16, 0.5], "texture": "#0"},
				"east": {"uv": [13, 7, 15, 7.5], "texture": "#0"},
				"south": {"uv": [0.5, 15.5, 1, 16], "texture": "#0"},
				"west": {"uv": [13, 7.5, 15, 8], "texture": "#0"},
				"up": {"uv": [13.5, 13, 13, 11], "texture": "#0"},
				"down": {"uv": [13.5, 13, 13, 15], "texture": "#0"}
			}
		},
		{
			"from": [7.50737, -6.9, 5.08989],
			"to": [7.91537, -6.39, 6.56889],
			"rotation": {"angle": -5, "axis": "y", "origin": [7.09315, -3.1515, 5.1825]},
			"faces": {
				"north": {"uv": [15.5, 0.5, 16, 1], "texture": "#0"},
				"east": {"uv": [13.5, 5.5, 15, 6], "texture": "#0"},
				"south": {"uv": [1, 15.5, 1.5, 16], "texture": "#0"},
				"west": {"uv": [13.5, 11, 15, 11.5], "texture": "#0"},
				"up": {"uv": [12, 15, 11.5, 13.5], "texture": "#0"},
				"down": {"uv": [14, 11.5, 13.5, 13], "texture": "#0"}
			}
		},
		{
			"from": [7.50737, -5.37, 5.08989],
			"to": [7.91537, 1.26, 8.09889],
			"rotation": {"angle": -5, "axis": "y", "origin": [7.09315, -3.1515, 5.1825]},
			"faces": {
				"north": {"uv": [8.5, 9, 9, 15.5], "texture": "#0"},
				"east": {"uv": [3, 0, 0, 6.5], "texture": "#0"},
				"south": {"uv": [9, 9, 9.5, 15.5], "texture": "#0"},
				"west": {"uv": [3, 0, 6, 6.5], "texture": "#0"},
				"up": {"uv": [12.5, 14, 12, 11], "texture": "#0"},
				"down": {"uv": [13, 3, 12.5, 6], "texture": "#0"}
			}
		},
		{
			"from": [7.51561, 1.26, 6.01087],
			"to": [7.92361, 1.77, 7.13287],
			"rotation": {"angle": -5, "axis": "y", "origin": [7.09315, -3.1515, 5.1825]},
			"faces": {
				"north": {"uv": [15.5, 1, 16, 1.5], "texture": "#0"},
				"east": {"uv": [1, 14.5, 2, 15], "texture": "#0"},
				"south": {"uv": [1.5, 15.5, 2, 16], "texture": "#0"},
				"west": {"uv": [14.5, 1, 15.5, 1.5], "texture": "#0"},
				"up": {"uv": [4.5, 15.5, 4, 14.5], "texture": "#0"},
				"down": {"uv": [5, 14.5, 4.5, 15.5], "texture": "#0"}
			}
		},
		{
			"from": [7.50737, 1.26, 5.08989],
			"to": [7.91537, 2.28, 6.00789],
			"rotation": {"angle": -5, "axis": "y", "origin": [7.09315, -3.1515, 5.1825]},
			"faces": {
				"north": {"uv": [14.5, 4.5, 15, 5.5], "texture": "#0"},
				"east": {"uv": [13, 8, 14, 9], "texture": "#0"},
				"south": {"uv": [14.5, 11.5, 15, 12.5], "texture": "#0"},
				"west": {"uv": [1, 13.5, 2, 14.5], "texture": "#0"},
				"up": {"uv": [12.5, 15.5, 12, 14.5], "texture": "#0"},
				"down": {"uv": [13, 14.5, 12.5, 15.5], "texture": "#0"}
			}
		},
		{
			"from": [5.3905, -2.718, 4.6725],
			"to": [7.5835, -0.372, 5.6925],
			"rotation": {"angle": 0, "axis": "y", "origin": [7.09315, -3.1515, 5.1825]},
			"faces": {
				"north": {"uv": [7, 6.5, 9, 9], "texture": "#0"},
				"east": {"uv": [10, 2.5, 11, 5], "texture": "#0"},
				"south": {"uv": [9, 0, 11, 2.5], "texture": "#0"},
				"west": {"uv": [10, 5, 11, 7.5], "texture": "#0"},
				"up": {"uv": [14, 1, 12, 0], "texture": "#0"},
				"down": {"uv": [14, 1, 12, 2], "texture": "#0"}
			}
		}
	],
	"display": {
		"thirdperson_righthand": {
			"rotation": [0.05, 3.44, -1.41],
			"translation": [3.75, 17, 9],
			"scale": [2, 2, 2]
		},
		"thirdperson_lefthand": {
			"rotation": [179.95, -1.65, -177.93],
			"translation": [3.5, 17, -2.25],
			"scale": [2, 2, 2]
		},
		"firstperson_righthand": {
			"rotation": [-16, 72, 0],
			"translation": [5.75, 17, 0.75],
			"scale": [2, 2, 2]
		},
		"firstperson_lefthand": {
			"rotation": [-180, -53.25, -180],
			"translation": [-3.25, 18, 1.25],
			"scale": [2, 2, 2]
		},
		"ground": {
			"translation": [1.75, 19.75, 5.75],
			"scale": [2, 2, 2]
		},
		"gui": {
			"rotation": [58.82, -33.42, 32.96],
			"translation": [-11.75, 9.75, 0],
			"scale": [2, 2, 2]
		},
		"fixed": {
			"rotation": [-180, 89.25, -180],
			"translation": [11, 39.75, -2.5],
			"scale": [4, 4, 4]
		},
		"on_shelf": {
			"rotation": [0, -89.75, 0],
			"translation": [-5.5, -80, 5.25],
			"scale": [2.5, 2.5, 2.5]
		}
	},
	"groups": [
		{
			"name": "group",
			"origin": [7.15, -12, 2.25],
			"color": 0,
			"children": [0, 1, 2, 3, 4, 5, 6, 7, 8, 9, 10, 11, 12, 13, 14, 15, 16, 17, 18, 19, 20, 21, 22, 23, 24]
		}
	]
}